{
  "annotations": {
    "list": [
      {
        "builtIn": 1,
        "datasource": "-- Grafana --",
        "enable": true,
        "hide": true,
        "iconColor": "rgba(0, 211, 255, 1)",
        "name": "Annotations & Alerts",
        "target": {
          "limit": 100,
          "matchAny": false,
          "tags": [],
          "type": "dashboard"
        },
        "type": "dashboard"
      }
    ]
  },
  "description": "Use Azure Monitor to view relevante information of azure front door",
  "editable": true,
  "fiscalYearStartMonth": 0,
  "gnetId": 10175,
  "graphTooltip": 0,
  "iteration": 1658236325583,
  "links": [
    {
      "icon": "doc",
      "tags": [],
      "targetBlank": true,
      "title": "Metrics Definitions",
      "tooltip": "",
      "type": "link",
      "url": "https://docs.microsoft.com/en-in/azure/azure-monitor/essentials/metrics-supported#microsoftsqlserversdatabases"
    }
  ],
  "liveNow": false,
  "panels": [
    {
      "collapsed": false,
      "gridPos": {
        "h": 1,
        "w": 24,
        "x": 0,
        "y": 0
      },
      "id": 61,
      "panels": [],
      "title": "Overview",
      "type": "row"
    },
    {
      "aliasColors": {},
      "bars": false,
      "dashLength": 10,
      "dashes": false,
      "datasource": {
        "type": "grafana-azure-monitor-datasource",
        "uid": "$DataSource"
      },
      "fieldConfig": {
        "defaults": {
          "unit": "short"
        },
        "overrides": []
      },
      "fill": 1,
      "fillGradient": 0,
      "gridPos": {
        "h": 9,
        "w": 12,
        "x": 0,
        "y": 1
      },
      "hiddenSeries": false,
      "id": 92,
      "legend": {
        "alignAsTable": true,
        "avg": true,
        "current": true,
        "max": true,
        "min": true,
        "rightSide": true,
        "show": true,
        "total": true,
        "values": true
      },
      "lines": true,
      "linewidth": 1,
      "links": [],
      "maxDataPoints": 100,
      "nullPointMode": "null",
      "options": {
        "alertThreshold": true
      },
      "percentage": false,
      "pluginVersion": "8.3.10",
      "pointradius": 2,
      "points": false,
      "renderer": "flot",
      "seriesOverrides": [],
      "spaceLength": 10,
      "stack": false,
      "steppedLine": false,
      "targets": [
        {
          "appInsights": {
            "dimension": [
              "none"
            ],
            "metricName": "select",
            "rawQuery": false,
            "rawQueryString": "",
            "spliton": "",
            "timeColumn": "timestamp",
            "timeGrain": "auto",
            "timeGrainType": "auto",
            "yaxis": ""
          },
          "azureLogAnalytics": {
            "query": "//change this example to create your own time series query\n<table name>                                                              //the table to query (e.g. Usage, Heartbeat, Perf)\n| where $__timeFilter(TimeGenerated)                                      //this is a macro used to show the full chart’s time range, choose the datetime column here\n| summarize count() by <group by column>, bin(TimeGenerated, $__interval) //change “group by column” to a column in your table, such as “Computer”. The $__interval macro is used to auto-select the time grain. Can also use 1h, 5m etc.\n| order by TimeGenerated asc",
            "resultFormat": "time_series",
            "workspace": "$Workspace"
          },
          "azureMonitor": {
            "aggOptions": [
              "Average",
              "Maximum",
              "Minimum"
            ],
            "aggregation": "Total",
            "alias": "Requests",
            "allowedTimeGrainsMs": [
              60000,
              300000,
              900000,
              1800000,
              3600000,
              21600000,
              43200000,
              86400000
            ],
            "dimension": "",
            "dimensionFilter": "*",
            "dimensionFilters": [],
            "dimensions": [],
            "metricDefinition": "Microsoft.Cdn/profiles",
            "metricName": "RequestCount",
            "metricNamespace": "Microsoft.Cdn/profiles",
            "resourceGroup": "$ResourceGroup",
            "resourceName": "$ResourceName",
            "timeGrain": "PT1M",
            "timeGrains": [
              {
                "text": "auto",
                "value": "auto"
              },
              {
                "text": "1 minute",
                "value": "PT1M"
              },
              {
                "text": "5 minutes",
                "value": "PT5M"
              },
              {
                "text": "15 minutes",
                "value": "PT15M"
              },
              {
                "text": "30 minutes",
                "value": "PT30M"
              },
              {
                "text": "1 hour",
                "value": "PT1H"
              },
              {
                "text": "6 hours",
                "value": "PT6H"
              },
              {
                "text": "12 hours",
                "value": "PT12H"
              },
              {
                "text": "1 day",
                "value": "P1D"
              }
            ],
            "top": "10"
          },
          "azureResourceGraph": {
            "resultFormat": "table"
          },
          "datasource": {
            "type": "grafana-azure-monitor-datasource",
            "uid": "P1EB995EACC6832D3"
          },
          "insightsAnalytics": {
            "query": "",
            "resultFormat": "time_series"
          },
          "queryType": "Azure Monitor",
          "refId": "A",
          "subscription": "$Subscription",
          "subscriptions": [
            "$Subscription"
          ]
        }
      ],
      "thresholds": [],
      "timeRegions": [],
      "title": "Total requests received by frontend",
      "tooltip": {
        "shared": true,
        "sort": 0,
        "value_type": "individual"
      },
      "type": "graph",
      "xaxis": {
        "mode": "time",
        "show": true,
        "values": []
      },
      "yaxes": [
        {
          "$$hashKey": "object:2925",
          "format": "short",
          "logBase": 1,
          "show": true
        },
        {
          "$$hashKey": "object:2926",
          "format": "short",
          "logBase": 1,
          "show": true
        }
      ],
      "yaxis": {
        "align": false
      }
    },
    {
      "aliasColors": {},
      "bars": false,
      "dashLength": 10,
      "dashes": false,
      "datasource": {
        "type": "grafana-azure-monitor-datasource",
        "uid": "$DataSource"
      },
      "fieldConfig": {
        "defaults": {
          "unit": "short"
        },
        "overrides": []
      },
      "fill": 1,
      "fillGradient": 0,
      "gridPos": {
        "h": 9,
        "w": 12,
        "x": 12,
        "y": 1
      },
      "hiddenSeries": false,
      "id": 50,
      "legend": {
        "alignAsTable": true,
        "avg": true,
        "current": true,
        "max": true,
        "min": true,
        "rightSide": true,
        "show": true,
        "total": true,
        "values": true
      },
      "lines": true,
      "linewidth": 1,
      "links": [],
      "maxDataPoints": 100,
      "nullPointMode": "null",
      "options": {
        "alertThreshold": true
      },
      "percentage": false,
      "pluginVersion": "8.3.10",
      "pointradius": 2,
      "points": false,
      "renderer": "flot",
      "seriesOverrides": [],
      "spaceLength": 10,
      "stack": false,
      "steppedLine": false,
      "targets": [
        {
          "appInsights": {
            "dimension": [
              "none"
            ],
            "metricName": "select",
            "rawQuery": false,
            "rawQueryString": "",
            "spliton": "",
            "timeColumn": "timestamp",
            "timeGrain": "auto",
            "timeGrainType": "auto",
            "yaxis": ""
          },
          "azureLogAnalytics": {
            "query": "//change this example to create your own time series query\n<table name>                                                              //the table to query (e.g. Usage, Heartbeat, Perf)\n| where $__timeFilter(TimeGenerated)                                      //this is a macro used to show the full chart’s time range, choose the datetime column here\n| summarize count() by <group by column>, bin(TimeGenerated, $__interval) //change “group by column” to a column in your table, such as “Computer”. The $__interval macro is used to auto-select the time grain. Can also use 1h, 5m etc.\n| order by TimeGenerated asc",
            "resultFormat": "time_series",
            "workspace": "$Workspace"
          },
          "azureMonitor": {
            "aggOptions": [
              "Average",
              "Maximum",
              "Minimum"
            ],
            "aggregation": "Total",
            "alias": "Requests",
            "allowedTimeGrainsMs": [
              60000,
              300000,
              900000,
              1800000,
              3600000,
              21600000,
              43200000,
              86400000
            ],
            "dimension": "",
            "dimensionFilter": "*",
            "dimensionFilters": [],
            "dimensions": [],
            "metricDefinition": "Microsoft.Cdn/profiles",
            "metricName": "WebApplicationFirewallRequestCount",
            "metricNamespace": "Microsoft.Cdn/profiles",
            "resourceGroup": "$ResourceGroup",
            "resourceName": "$ResourceName",
            "timeGrain": "PT1M",
            "timeGrains": [
              {
                "text": "auto",
                "value": "auto"
              },
              {
                "text": "1 minute",
                "value": "PT1M"
              },
              {
                "text": "5 minutes",
                "value": "PT5M"
              },
              {
                "text": "15 minutes",
                "value": "PT15M"
              },
              {
                "text": "30 minutes",
                "value": "PT30M"
              },
              {
                "text": "1 hour",
                "value": "PT1H"
              },
              {
                "text": "6 hours",
                "value": "PT6H"
              },
              {
                "text": "12 hours",
                "value": "PT12H"
              },
              {
                "text": "1 day",
                "value": "P1D"
              }
            ],
            "top": "10"
          },
          "azureResourceGraph": {
            "resultFormat": "table"
          },
          "datasource": {
            "type": "grafana-azure-monitor-datasource",
            "uid": "P1EB995EACC6832D3"
          },
          "insightsAnalytics": {
            "query": "",
            "resultFormat": "time_series"
          },
          "queryType": "Azure Monitor",
          "refId": "A",
          "subscription": "$Subscription",
          "subscriptions": [
            "$Subscription"
          ]
        }
      ],
      "thresholds": [],
      "timeRegions": [],
      "title": "Total requests processed by firewall",
      "tooltip": {
        "shared": true,
        "sort": 0,
        "value_type": "individual"
      },
      "type": "graph",
      "xaxis": {
        "mode": "time",
        "show": true,
        "values": []
      },
      "yaxes": [
        {
          "$$hashKey": "object:3019",
          "format": "short",
          "logBase": 1,
          "show": true
        },
        {
          "$$hashKey": "object:3020",
          "format": "short",
          "logBase": 1,
          "show": true
        }
      ],
      "yaxis": {
        "align": false
      }
    },
    {
      "aliasColors": {},
      "bars": false,
      "dashLength": 10,
      "dashes": false,
      "datasource": {
        "type": "grafana-azure-monitor-datasource",
        "uid": "$DataSource"
      },
      "fieldConfig": {
        "defaults": {
          "unit": "short"
        },
        "overrides": []
      },
      "fill": 1,
      "fillGradient": 0,
      "gridPos": {
        "h": 9,
        "w": 12,
        "x": 0,
        "y": 10
      },
      "hiddenSeries": false,
      "id": 93,
      "legend": {
        "alignAsTable": true,
        "avg": true,
        "current": true,
        "max": true,
        "min": true,
        "rightSide": true,
        "show": true,
        "total": true,
        "values": true
      },
      "lines": true,
      "linewidth": 1,
      "links": [],
      "maxDataPoints": 100,
      "nullPointMode": "null",
      "options": {
        "alertThreshold": true
      },
      "percentage": false,
      "pluginVersion": "8.3.10",
      "pointradius": 2,
      "points": false,
      "renderer": "flot",
      "seriesOverrides": [],
      "spaceLength": 10,
      "stack": false,
      "steppedLine": false,
      "targets": [
        {
          "appInsights": {
            "dimension": [
              "none"
            ],
            "metricName": "select",
            "rawQuery": false,
            "rawQueryString": "",
            "spliton": "",
            "timeColumn": "timestamp",
            "timeGrain": "auto",
            "timeGrainType": "auto",
            "yaxis": ""
          },
          "azureLogAnalytics": {
            "query": "//change this example to create your own time series query\n<table name>                                                              //the table to query (e.g. Usage, Heartbeat, Perf)\n| where $__timeFilter(TimeGenerated)                                      //this is a macro used to show the full chart’s time range, choose the datetime column here\n| summarize count() by <group by column>, bin(TimeGenerated, $__interval) //change “group by column” to a column in your table, such as “Computer”. The $__interval macro is used to auto-select the time grain. Can also use 1h, 5m etc.\n| order by TimeGenerated asc",
            "resultFormat": "time_series",
            "workspace": "$Workspace"
          },
          "azureMonitor": {
            "aggOptions": [
              "Average",
              "Maximum",
              "Minimum"
            ],
            "aggregation": "Total",
            "alias": "Requests",
            "allowedTimeGrainsMs": [
              60000,
              300000,
              900000,
              1800000,
              3600000,
              21600000,
              43200000,
              86400000
            ],
            "dimension": "",
            "dimensionFilter": "*",
            "dimensionFilters": [],
            "dimensions": [],
            "metricDefinition": "Microsoft.Cdn/profiles",
            "metricName": "OriginRequestCount",
            "metricNamespace": "Microsoft.Cdn/profiles",
            "resourceGroup": "$ResourceGroup",
            "resourceName": "$ResourceName",
            "timeGrain": "PT1M",
            "timeGrains": [
              {
                "text": "auto",
                "value": "auto"
              },
              {
                "text": "1 minute",
                "value": "PT1M"
              },
              {
                "text": "5 minutes",
                "value": "PT5M"
              },
              {
                "text": "15 minutes",
                "value": "PT15M"
              },
              {
                "text": "30 minutes",
                "value": "PT30M"
              },
              {
                "text": "1 hour",
                "value": "PT1H"
              },
              {
                "text": "6 hours",
                "value": "PT6H"
              },
              {
                "text": "12 hours",
                "value": "PT12H"
              },
              {
                "text": "1 day",
                "value": "P1D"
              }
            ],
            "top": "10"
          },
          "azureResourceGraph": {
            "resultFormat": "table"
          },
          "datasource": {
            "type": "grafana-azure-monitor-datasource",
            "uid": "P1EB995EACC6832D3"
          },
          "insightsAnalytics": {
            "query": "",
            "resultFormat": "time_series"
          },
          "queryType": "Azure Monitor",
          "refId": "A",
          "subscription": "$Subscription",
          "subscriptions": [
            "$Subscription"
          ]
        }
      ],
      "thresholds": [],
      "timeRegions": [],
      "title": "Total requests sent to backend",
      "tooltip": {
        "shared": true,
        "sort": 0,
        "value_type": "individual"
      },
      "type": "graph",
      "xaxis": {
        "mode": "time",
        "show": true,
        "values": []
      },
      "yaxes": [
        {
          "$$hashKey": "object:3113",
          "format": "short",
          "logBase": 1,
          "show": true
        },
        {
          "$$hashKey": "object:3114",
          "format": "short",
          "logBase": 1,
          "show": true
        }
      ],
      "yaxis": {
        "align": false
      }
    },
    {
      "aliasColors": {},
      "bars": false,
      "dashLength": 10,
      "dashes": false,
      "datasource": {
        "type": "grafana-azure-monitor-datasource",
        "uid": "$DataSource"
      },
      "fieldConfig": {
        "defaults": {
          "unit": "short"
        },
        "overrides": []
      },
      "fill": 1,
      "fillGradient": 0,
      "gridPos": {
        "h": 9,
        "w": 12,
        "x": 12,
        "y": 10
      },
      "hiddenSeries": false,
      "id": 102,
      "legend": {
        "alignAsTable": true,
        "avg": true,
        "current": true,
        "max": true,
        "min": true,
        "rightSide": true,
        "show": true,
        "total": false,
        "values": true
      },
      "lines": true,
      "linewidth": 1,
      "links": [],
      "maxDataPoints": 100,
      "nullPointMode": "null",
      "options": {
        "alertThreshold": true
      },
      "percentage": false,
      "pluginVersion": "8.3.10",
      "pointradius": 2,
      "points": false,
      "renderer": "flot",
      "seriesOverrides": [],
      "spaceLength": 10,
      "stack": false,
      "steppedLine": false,
      "targets": [
        {
          "appInsights": {
            "dimension": [
              "none"
            ],
            "metricName": "select",
            "rawQuery": false,
            "rawQueryString": "",
            "spliton": "",
            "timeColumn": "timestamp",
            "timeGrain": "auto",
            "timeGrainType": "auto",
            "yaxis": ""
          },
          "azureLogAnalytics": {
            "query": "//change this example to create your own time series query\n<table name>                                                              //the table to query (e.g. Usage, Heartbeat, Perf)\n| where $__timeFilter(TimeGenerated)                                      //this is a macro used to show the full chart’s time range, choose the datetime column here\n| summarize count() by <group by column>, bin(TimeGenerated, $__interval) //change “group by column” to a column in your table, such as “Computer”. The $__interval macro is used to auto-select the time grain. Can also use 1h, 5m etc.\n| order by TimeGenerated asc",
            "resultFormat": "time_series",
            "workspace": "$Workspace"
          },
          "azureMonitor": {
            "aggOptions": [
              "Average",
              "Maximum",
              "Minimum"
            ],
            "aggregation": "Average",
            "alias": "Health",
            "allowedTimeGrainsMs": [
              60000,
              300000,
              900000,
              1800000,
              3600000,
              21600000,
              43200000,
              86400000
            ],
            "dimension": "",
            "dimensionFilter": "*",
            "dimensionFilters": [],
            "dimensions": [],
            "metricDefinition": "Microsoft.Cdn/profiles",
            "metricName": "OriginHealthPercentage",
            "metricNamespace": "Microsoft.Cdn/profiles",
            "resourceGroup": "$ResourceGroup",
            "resourceName": "$ResourceName",
            "timeGrain": "PT1M",
            "timeGrains": [
              {
                "text": "auto",
                "value": "auto"
              },
              {
                "text": "1 minute",
                "value": "PT1M"
              },
              {
                "text": "5 minutes",
                "value": "PT5M"
              },
              {
                "text": "15 minutes",
                "value": "PT15M"
              },
              {
                "text": "30 minutes",
                "value": "PT30M"
              },
              {
                "text": "1 hour",
                "value": "PT1H"
              },
              {
                "text": "6 hours",
                "value": "PT6H"
              },
              {
                "text": "12 hours",
                "value": "PT12H"
              },
              {
                "text": "1 day",
                "value": "P1D"
              }
            ],
            "top": "10"
          },
          "azureResourceGraph": {
            "resultFormat": "table"
          },
          "datasource": {
            "type": "grafana-azure-monitor-datasource",
            "uid": "P1EB995EACC6832D3"
          },
          "insightsAnalytics": {
            "query": "",
            "resultFormat": "time_series"
          },
          "queryType": "Azure Monitor",
          "refId": "A",
          "subscription": "$Subscription",
          "subscriptions": [
            "$Subscription"
          ]
        }
      ],
      "thresholds": [
        {
          "$$hashKey": "object:3966",
          "colorMode": "warning",
          "fill": false,
          "line": true,
          "op": "gt",
          "value": 98,
          "yaxis": "left"
        },
        {
          "$$hashKey": "object:3972",
          "colorMode": "critical",
          "fill": false,
          "line": true,
          "op": "gt",
          "value": 95,
          "yaxis": "left"
        }
      ],
      "timeRegions": [],
      "title": "Backend health check percentage",
      "tooltip": {
        "shared": true,
        "sort": 0,
        "value_type": "individual"
      },
      "type": "graph",
      "xaxis": {
        "mode": "time",
        "show": true,
        "values": []
      },
      "yaxes": [
        {
          "$$hashKey": "object:2831",
          "format": "percent",
          "logBase": 1,
          "show": true
        },
        {
          "$$hashKey": "object:2832",
          "format": "short",
          "logBase": 1,
          "show": true
        }
      ],
      "yaxis": {
        "align": false
      }
    },
    {
      "aliasColors": {},
      "bars": false,
      "dashLength": 10,
      "dashes": false,
      "datasource": {
        "type": "grafana-azure-monitor-datasource",
        "uid": "$DataSource"
      },
      "fieldConfig": {
        "defaults": {
          "unit": "short"
        },
        "overrides": []
      },
      "fill": 1,
      "fillGradient": 0,
      "gridPos": {
        "h": 9,
        "w": 12,
        "x": 0,
        "y": 19
      },
      "hiddenSeries": false,
      "id": 103,
      "legend": {
        "alignAsTable": true,
        "avg": true,
        "current": true,
        "max": true,
        "min": true,
        "rightSide": true,
        "show": true,
        "total": true,
        "values": true
      },
      "lines": true,
      "linewidth": 1,
      "links": [],
      "maxDataPoints": 100,
      "nullPointMode": "null",
      "options": {
        "alertThreshold": true
      },
      "percentage": false,
      "pluginVersion": "8.3.10",
      "pointradius": 2,
      "points": false,
      "renderer": "flot",
      "seriesOverrides": [],
      "spaceLength": 10,
      "stack": false,
      "steppedLine": false,
      "targets": [
        {
          "appInsights": {
            "dimension": [
              "none"
            ],
            "metricName": "select",
            "rawQuery": false,
            "rawQueryString": "",
            "spliton": "",
            "timeColumn": "timestamp",
            "timeGrain": "auto",
            "timeGrainType": "auto",
            "yaxis": ""
          },
          "azureLogAnalytics": {
            "query": "//change this example to create your own time series query\n<table name>                                                              //the table to query (e.g. Usage, Heartbeat, Perf)\n| where $__timeFilter(TimeGenerated)                                      //this is a macro used to show the full chart’s time range, choose the datetime column here\n| summarize count() by <group by column>, bin(TimeGenerated, $__interval) //change “group by column” to a column in your table, such as “Computer”. The $__interval macro is used to auto-select the time grain. Can also use 1h, 5m etc.\n| order by TimeGenerated asc",
            "resultFormat": "time_series",
            "workspace": "$Workspace"
          },
          "azureMonitor": {
            "aggOptions": [
              "Average",
              "Maximum",
              "Minimum"
            ],
            "aggregation": "Average",
            "alias": "Requests",
            "allowedTimeGrainsMs": [
              60000,
              300000,
              900000,
              1800000,
              3600000,
              21600000,
              43200000,
              86400000
            ],
            "dimension": "",
            "dimensionFilter": "*",
            "dimensionFilters": [],
            "dimensions": [],
            "metricDefinition": "Microsoft.Cdn/profiles",
            "metricName": "Percentage4XX",
            "metricNamespace": "Microsoft.Cdn/profiles",
            "resourceGroup": "$ResourceGroup",
            "resourceName": "$ResourceName",
            "timeGrain": "PT1M",
            "timeGrains": [
              {
                "text": "auto",
                "value": "auto"
              },
              {
                "text": "1 minute",
                "value": "PT1M"
              },
              {
                "text": "5 minutes",
                "value": "PT5M"
              },
              {
                "text": "15 minutes",
                "value": "PT15M"
              },
              {
                "text": "30 minutes",
                "value": "PT30M"
              },
              {
                "text": "1 hour",
                "value": "PT1H"
              },
              {
                "text": "6 hours",
                "value": "PT6H"
              },
              {
                "text": "12 hours",
                "value": "PT12H"
              },
              {
                "text": "1 day",
                "value": "P1D"
              }
            ],
            "top": "10"
          },
          "azureResourceGraph": {
            "resultFormat": "table"
          },
          "datasource": {
            "type": "grafana-azure-monitor-datasource",
            "uid": "P1EB995EACC6832D3"
          },
          "insightsAnalytics": {
            "query": "",
            "resultFormat": "time_series"
          },
          "queryType": "Azure Monitor",
          "refId": "A",
          "subscription": "$Subscription",
          "subscriptions": [
            "$Subscription"
          ]
        }
      ],
      "thresholds": [],
      "timeRegions": [],
      "title": "Percentage of 4xx",
      "tooltip": {
        "shared": true,
        "sort": 0,
        "value_type": "individual"
      },
      "type": "graph",
      "xaxis": {
        "mode": "time",
        "show": true,
        "values": []
      },
      "yaxes": [
        {
          "$$hashKey": "object:3113",
          "format": "percent",
          "logBase": 1,
          "show": true
        },
        {
          "$$hashKey": "object:3114",
          "format": "short",
          "logBase": 1,
          "show": true
        }
      ],
      "yaxis": {
        "align": false
      }
    },
    {
      "aliasColors": {},
      "bars": false,
      "dashLength": 10,
      "dashes": false,
      "datasource": {
        "type": "grafana-azure-monitor-datasource",
        "uid": "$DataSource"
      },
      "fieldConfig": {
        "defaults": {
          "unit": "short"
        },
        "overrides": []
      },
      "fill": 1,
      "fillGradient": 0,
      "gridPos": {
        "h": 9,
        "w": 12,
        "x": 12,
        "y": 19
      },
      "hiddenSeries": false,
      "id": 104,
      "legend": {
        "alignAsTable": true,
        "avg": true,
        "current": true,
        "max": true,
        "min": true,
        "rightSide": true,
        "show": true,
        "total": true,
        "values": true
      },
      "lines": true,
      "linewidth": 1,
      "links": [],
      "maxDataPoints": 100,
      "nullPointMode": "null",
      "options": {
        "alertThreshold": true
      },
      "percentage": false,
      "pluginVersion": "8.3.10",
      "pointradius": 2,
      "points": false,
      "renderer": "flot",
      "seriesOverrides": [],
      "spaceLength": 10,
      "stack": false,
      "steppedLine": false,
      "targets": [
        {
          "appInsights": {
            "dimension": [
              "none"
            ],
            "metricName": "select",
            "rawQuery": false,
            "rawQueryString": "",
            "spliton": "",
            "timeColumn": "timestamp",
            "timeGrain": "auto",
            "timeGrainType": "auto",
            "yaxis": ""
          },
          "azureLogAnalytics": {
            "query": "//change this example to create your own time series query\n<table name>                                                              //the table to query (e.g. Usage, Heartbeat, Perf)\n| where $__timeFilter(TimeGenerated)                                      //this is a macro used to show the full chart’s time range, choose the datetime column here\n| summarize count() by <group by column>, bin(TimeGenerated, $__interval) //change “group by column” to a column in your table, such as “Computer”. The $__interval macro is used to auto-select the time grain. Can also use 1h, 5m etc.\n| order by TimeGenerated asc",
            "resultFormat": "time_series",
            "workspace": "$Workspace"
          },
          "azureMonitor": {
            "aggOptions": [
              "Average",
              "Maximum",
              "Minimum"
            ],
            "aggregation": "Average",
            "alias": "Requests",
            "allowedTimeGrainsMs": [
              60000,
              300000,
              900000,
              1800000,
              3600000,
              21600000,
              43200000,
              86400000
            ],
            "dimension": "",
            "dimensionFilter": "*",
            "dimensionFilters": [],
            "dimensions": [],
            "metricDefinition": "Microsoft.Cdn/profiles",
            "metricName": "Percentage5XX",
            "metricNamespace": "Microsoft.Cdn/profiles",
            "resourceGroup": "$ResourceGroup",
            "resourceName": "$ResourceName",
            "timeGrain": "PT1M",
            "timeGrains": [
              {
                "text": "auto",
                "value": "auto"
              },
              {
                "text": "1 minute",
                "value": "PT1M"
              },
              {
                "text": "5 minutes",
                "value": "PT5M"
              },
              {
                "text": "15 minutes",
                "value": "PT15M"
              },
              {
                "text": "30 minutes",
                "value": "PT30M"
              },
              {
                "text": "1 hour",
                "value": "PT1H"
              },
              {
                "text": "6 hours",
                "value": "PT6H"
              },
              {
                "text": "12 hours",
                "value": "PT12H"
              },
              {
                "text": "1 day",
                "value": "P1D"
              }
            ],
            "top": "10"
          },
          "azureResourceGraph": {
            "resultFormat": "table"
          },
          "datasource": {
            "type": "grafana-azure-monitor-datasource",
            "uid": "P1EB995EACC6832D3"
          },
          "insightsAnalytics": {
            "query": "",
            "resultFormat": "time_series"
          },
          "queryType": "Azure Monitor",
          "refId": "A",
          "subscription": "$Subscription",
          "subscriptions": [
            "$Subscription"
          ]
        }
      ],
      "thresholds": [],
      "timeRegions": [],
      "title": "Percentage of 5xx",
      "tooltip": {
        "shared": true,
        "sort": 0,
        "value_type": "individual"
      },
      "type": "graph",
      "xaxis": {
        "mode": "time",
        "show": true,
        "values": []
      },
      "yaxes": [
        {
          "$$hashKey": "object:3113",
          "format": "percent",
          "logBase": 1,
          "show": true
        },
        {
          "$$hashKey": "object:3114",
          "format": "short",
          "logBase": 1,
          "show": true
        }
      ],
      "yaxis": {
        "align": false
      }
    },
    {
      "aliasColors": {},
      "bars": false,
      "dashLength": 10,
      "dashes": false,
      "datasource": {
        "type": "grafana-azure-monitor-datasource",
        "uid": "$DataSource"
      },
      "fieldConfig": {
        "defaults": {
          "unit": "short"
        },
        "overrides": []
      },
      "fill": 1,
      "fillGradient": 0,
      "gridPos": {
        "h": 9,
        "w": 12,
        "x": 0,
        "y": 28
      },
      "hiddenSeries": false,
      "id": 98,
      "legend": {
        "alignAsTable": true,
        "avg": true,
        "current": true,
        "max": true,
        "min": true,
        "rightSide": true,
        "show": true,
        "total": true,
        "values": true
      },
      "lines": true,
      "linewidth": 1,
      "links": [],
      "maxDataPoints": 100,
      "nullPointMode": "null",
      "options": {
        "alertThreshold": true
      },
      "percentage": false,
      "pluginVersion": "8.3.10",
      "pointradius": 2,
      "points": false,
      "renderer": "flot",
      "seriesOverrides": [],
      "spaceLength": 10,
      "stack": false,
      "steppedLine": false,
      "targets": [
        {
          "appInsights": {
            "dimension": [
              "none"
            ],
            "metricName": "select",
            "rawQuery": false,
            "rawQueryString": "",
            "spliton": "",
            "timeColumn": "timestamp",
            "timeGrain": "auto",
            "timeGrainType": "auto",
            "yaxis": ""
          },
          "azureLogAnalytics": {
            "query": "//change this example to create your own time series query\n<table name>                                                              //the table to query (e.g. Usage, Heartbeat, Perf)\n| where $__timeFilter(TimeGenerated)                                      //this is a macro used to show the full chart’s time range, choose the datetime column here\n| summarize count() by <group by column>, bin(TimeGenerated, $__interval) //change “group by column” to a column in your table, such as “Computer”. The $__interval macro is used to auto-select the time grain. Can also use 1h, 5m etc.\n| order by TimeGenerated asc",
            "resultFormat": "time_series",
            "workspace": "$Workspace"
          },
          "azureMonitor": {
            "aggOptions": [
              "Average",
              "Maximum",
              "Minimum"
            ],
            "aggregation": "Average",
            "alias": "Latency",
            "allowedTimeGrainsMs": [
              60000,
              300000,
              900000,
              1800000,
              3600000,
              21600000,
              43200000,
              86400000
            ],
            "dimension": "",
            "dimensionFilter": "*",
            "dimensionFilters": [],
            "dimensions": [],
            "metricDefinition": "Microsoft.Cdn/profiles",
            "metricName": "TotalLatency",
            "metricNamespace": "Microsoft.Cdn/profiles",
            "resourceGroup": "$ResourceGroup",
            "resourceName": "$ResourceName",
            "timeGrain": "PT1M",
            "timeGrains": [
              {
                "text": "auto",
                "value": "auto"
              },
              {
                "text": "1 minute",
                "value": "PT1M"
              },
              {
                "text": "5 minutes",
                "value": "PT5M"
              },
              {
                "text": "15 minutes",
                "value": "PT15M"
              },
              {
                "text": "30 minutes",
                "value": "PT30M"
              },
              {
                "text": "1 hour",
                "value": "PT1H"
              },
              {
                "text": "6 hours",
                "value": "PT6H"
              },
              {
                "text": "12 hours",
                "value": "PT12H"
              },
              {
                "text": "1 day",
                "value": "P1D"
              }
            ],
            "top": "10"
          },
          "azureResourceGraph": {
            "resultFormat": "table"
          },
          "datasource": {
            "type": "grafana-azure-monitor-datasource",
            "uid": "P1EB995EACC6832D3"
          },
          "insightsAnalytics": {
            "query": "",
            "resultFormat": "time_series"
          },
          "queryType": "Azure Monitor",
          "refId": "A",
          "subscription": "$Subscription",
          "subscriptions": [
            "$Subscription"
          ]
        }
      ],
      "thresholds": [],
      "timeRegions": [],
      "title": "Frontend request latency (avg)",
      "tooltip": {
        "shared": true,
        "sort": 0,
        "value_type": "individual"
      },
      "type": "graph",
      "xaxis": {
        "mode": "time",
        "show": true,
        "values": []
      },
      "yaxes": [
        {
          "$$hashKey": "object:3477",
          "format": "ms",
          "logBase": 1,
          "show": true
        },
        {
          "$$hashKey": "object:3478",
          "format": "short",
          "logBase": 1,
          "show": true
        }
      ],
      "yaxis": {
        "align": false
      }
    },
    {
      "aliasColors": {},
      "bars": false,
      "dashLength": 10,
      "dashes": false,
      "datasource": {
        "type": "grafana-azure-monitor-datasource",
        "uid": "$DataSource"
      },
      "fieldConfig": {
        "defaults": {
          "unit": "short"
        },
        "overrides": []
      },
      "fill": 1,
      "fillGradient": 0,
      "gridPos": {
        "h": 9,
        "w": 12,
        "x": 12,
        "y": 28
      },
      "hiddenSeries": false,
      "id": 101,
      "legend": {
        "alignAsTable": true,
        "avg": true,
        "current": true,
        "max": true,
        "min": true,
        "rightSide": true,
        "show": true,
        "total": false,
        "values": true
      },
      "lines": true,
      "linewidth": 1,
      "links": [],
      "maxDataPoints": 100,
      "nullPointMode": "null",
      "options": {
        "alertThreshold": true
      },
      "percentage": false,
      "pluginVersion": "8.3.10",
      "pointradius": 2,
      "points": false,
      "renderer": "flot",
      "seriesOverrides": [],
      "spaceLength": 10,
      "stack": false,
      "steppedLine": false,
      "targets": [
        {
          "appInsights": {
            "dimension": [
              "none"
            ],
            "metricName": "select",
            "rawQuery": false,
            "rawQueryString": "",
            "spliton": "",
            "timeColumn": "timestamp",
            "timeGrain": "auto",
            "timeGrainType": "auto",
            "yaxis": ""
          },
          "azureLogAnalytics": {
            "query": "//change this example to create your own time series query\n<table name>                                                              //the table to query (e.g. Usage, Heartbeat, Perf)\n| where $__timeFilter(TimeGenerated)                                      //this is a macro used to show the full chart’s time range, choose the datetime column here\n| summarize count() by <group by column>, bin(TimeGenerated, $__interval) //change “group by column” to a column in your table, such as “Computer”. The $__interval macro is used to auto-select the time grain. Can also use 1h, 5m etc.\n| order by TimeGenerated asc",
            "resultFormat": "time_series",
            "workspace": "$Workspace"
          },
          "azureMonitor": {
            "aggOptions": [
              "Average",
              "Maximum",
              "Minimum"
            ],
            "aggregation": "Average",
            "alias": "Latency",
            "allowedTimeGrainsMs": [
              60000,
              300000,
              900000,
              1800000,
              3600000,
              21600000,
              43200000,
              86400000
            ],
            "dimension": "",
            "dimensionFilter": "*",
            "dimensionFilters": [],
            "dimensions": [],
            "metricDefinition": "Microsoft.Cdn/profiles",
            "metricName": "OriginLatency",
            "metricNamespace": "Microsoft.Cdn/profiles",
            "resourceGroup": "$ResourceGroup",
            "resourceName": "$ResourceName",
            "timeGrain": "PT1M",
            "timeGrains": [
              {
                "text": "auto",
                "value": "auto"
              },
              {
                "text": "1 minute",
                "value": "PT1M"
              },
              {
                "text": "5 minutes",
                "value": "PT5M"
              },
              {
                "text": "15 minutes",
                "value": "PT15M"
              },
              {
                "text": "30 minutes",
                "value": "PT30M"
              },
              {
                "text": "1 hour",
                "value": "PT1H"
              },
              {
                "text": "6 hours",
                "value": "PT6H"
              },
              {
                "text": "12 hours",
                "value": "PT12H"
              },
              {
                "text": "1 day",
                "value": "P1D"
              }
            ],
            "top": "10"
          },
          "azureResourceGraph": {
            "resultFormat": "table"
          },
          "datasource": {
            "type": "grafana-azure-monitor-datasource",
            "uid": "P1EB995EACC6832D3"
          },
          "insightsAnalytics": {
            "query": "",
            "resultFormat": "time_series"
          },
          "queryType": "Azure Monitor",
          "refId": "A",
          "subscription": "$Subscription",
          "subscriptions": [
            "$Subscription"
          ]
        }
      ],
      "thresholds": [],
      "timeRegions": [],
      "title": "Backend request latency (avg)",
      "tooltip": {
        "shared": true,
        "sort": 0,
        "value_type": "individual"
      },
      "type": "graph",
      "xaxis": {
        "mode": "time",
        "show": true,
        "values": []
      },
      "yaxes": [
        {
          "$$hashKey": "object:3383",
          "format": "ms",
          "logBase": 1,
          "show": true
        },
        {
          "$$hashKey": "object:3384",
          "format": "short",
          "logBase": 1,
          "show": true
        }
      ],
      "yaxis": {
        "align": false
      }
    },
    {
      "aliasColors": {},
      "bars": false,
      "dashLength": 10,
      "dashes": false,
      "datasource": {
        "type": "grafana-azure-monitor-datasource",
        "uid": "$DataSource"
      },
      "description": "",
      "fieldConfig": {
        "defaults": {
          "unit": "short"
        },
        "overrides": []
      },
      "fill": 1,
      "fillGradient": 0,
      "gridPos": {
        "h": 9,
        "w": 12,
        "x": 0,
        "y": 37
      },
      "hiddenSeries": false,
      "id": 96,
      "legend": {
        "alignAsTable": true,
        "avg": true,
        "current": true,
        "max": true,
        "min": true,
        "rightSide": true,
        "show": true,
        "total": true,
        "values": true
      },
      "lines": true,
      "linewidth": 1,
      "links": [],
      "maxDataPoints": 100,
      "nullPointMode": "null",
      "options": {
        "alertThreshold": true
      },
      "percentage": false,
      "pluginVersion": "8.3.10",
      "pointradius": 2,
      "points": false,
      "renderer": "flot",
      "seriesOverrides": [],
      "spaceLength": 10,
      "stack": false,
      "steppedLine": false,
      "targets": [
        {
          "appInsights": {
            "dimension": [
              "none"
            ],
            "metricName": "select",
            "rawQuery": false,
            "rawQueryString": "",
            "spliton": "",
            "timeColumn": "timestamp",
            "timeGrain": "auto",
            "timeGrainType": "auto",
            "yaxis": ""
          },
          "azureLogAnalytics": {
            "query": "//change this example to create your own time series query\n<table name>                                                              //the table to query (e.g. Usage, Heartbeat, Perf)\n| where $__timeFilter(TimeGenerated)                                      //this is a macro used to show the full chart’s time range, choose the datetime column here\n| summarize count() by <group by column>, bin(TimeGenerated, $__interval) //change “group by column” to a column in your table, such as “Computer”. The $__interval macro is used to auto-select the time grain. Can also use 1h, 5m etc.\n| order by TimeGenerated asc",
            "resultFormat": "time_series",
            "workspace": "$Workspace"
          },
          "azureMonitor": {
            "aggOptions": [
              "Average",
              "Maximum",
              "Minimum"
            ],
            "aggregation": "Total",
            "alias": "Size",
            "allowedTimeGrainsMs": [
              60000,
              300000,
              900000,
              1800000,
              3600000,
              21600000,
              43200000,
              86400000
            ],
            "dimension": "",
            "dimensionFilter": "*",
            "dimensionFilters": [],
            "dimensions": [],
            "metricDefinition": "Microsoft.Cdn/profiles",
            "metricName": "RequestSize",
            "metricNamespace": "Microsoft.Cdn/profiles",
            "resourceGroup": "$ResourceGroup",
            "resourceName": "$ResourceName",
            "timeGrain": "PT1M",
            "timeGrains": [
              {
                "text": "auto",
                "value": "auto"
              },
              {
                "text": "1 minute",
                "value": "PT1M"
              },
              {
                "text": "5 minutes",
                "value": "PT5M"
              },
              {
                "text": "15 minutes",
                "value": "PT15M"
              },
              {
                "text": "30 minutes",
                "value": "PT30M"
              },
              {
                "text": "1 hour",
                "value": "PT1H"
              },
              {
                "text": "6 hours",
                "value": "PT6H"
              },
              {
                "text": "12 hours",
                "value": "PT12H"
              },
              {
                "text": "1 day",
                "value": "P1D"
              }
            ],
            "top": "10"
          },
          "azureResourceGraph": {
            "resultFormat": "table"
          },
          "datasource": {
            "type": "grafana-azure-monitor-datasource",
            "uid": "P1EB995EACC6832D3"
          },
          "insightsAnalytics": {
            "query": "",
            "resultFormat": "time_series"
          },
          "queryType": "Azure Monitor",
          "refId": "A",
          "subscription": "$Subscription",
          "subscriptions": [
            "$Subscription"
          ]
        }
      ],
      "thresholds": [],
      "timeRegions": [],
      "title": "Request size (total)",
      "tooltip": {
        "shared": true,
        "sort": 0,
        "value_type": "individual"
      },
      "type": "graph",
      "xaxis": {
        "mode": "time",
        "show": true,
        "values": []
      },
      "yaxes": [
        {
          "$$hashKey": "object:3574",
          "format": "decbytes",
          "logBase": 1,
          "show": true
        },
        {
          "$$hashKey": "object:3575",
          "format": "short",
          "logBase": 1,
          "show": true
        }
      ],
      "yaxis": {
        "align": false
      }
    },
    {
      "aliasColors": {},
      "bars": false,
      "dashLength": 10,
      "dashes": false,
      "datasource": {
        "type": "grafana-azure-monitor-datasource",
        "uid": "$DataSource"
      },
      "fieldConfig": {
        "defaults": {
          "unit": "short"
        },
        "overrides": []
      },
      "fill": 1,
      "fillGradient": 0,
      "gridPos": {
        "h": 9,
        "w": 12,
        "x": 12,
        "y": 37
      },
      "hiddenSeries": false,
      "id": 97,
      "legend": {
        "alignAsTable": true,
        "avg": true,
        "current": true,
        "max": true,
        "min": true,
        "rightSide": true,
        "show": true,
        "total": true,
        "values": true
      },
      "lines": true,
      "linewidth": 1,
      "links": [],
      "maxDataPoints": 100,
      "nullPointMode": "null",
      "options": {
        "alertThreshold": true
      },
      "percentage": false,
      "pluginVersion": "8.3.10",
      "pointradius": 2,
      "points": false,
      "renderer": "flot",
      "seriesOverrides": [],
      "spaceLength": 10,
      "stack": false,
      "steppedLine": false,
      "targets": [
        {
          "appInsights": {
            "dimension": [
              "none"
            ],
            "metricName": "select",
            "rawQuery": false,
            "rawQueryString": "",
            "spliton": "",
            "timeColumn": "timestamp",
            "timeGrain": "auto",
            "timeGrainType": "auto",
            "yaxis": ""
          },
          "azureLogAnalytics": {
            "query": "//change this example to create your own time series query\n<table name>                                                              //the table to query (e.g. Usage, Heartbeat, Perf)\n| where $__timeFilter(TimeGenerated)                                      //this is a macro used to show the full chart’s time range, choose the datetime column here\n| summarize count() by <group by column>, bin(TimeGenerated, $__interval) //change “group by column” to a column in your table, such as “Computer”. The $__interval macro is used to auto-select the time grain. Can also use 1h, 5m etc.\n| order by TimeGenerated asc",
            "resultFormat": "time_series",
            "workspace": "$Workspace"
          },
          "azureMonitor": {
            "aggOptions": [
              "Average",
              "Maximum",
              "Minimum"
            ],
            "aggregation": "Total",
            "alias": "Size",
            "allowedTimeGrainsMs": [
              60000,
              300000,
              900000,
              1800000,
              3600000,
              21600000,
              43200000,
              86400000
            ],
            "dimension": "",
            "dimensionFilter": "*",
            "dimensionFilters": [],
            "dimensions": [],
            "metricDefinition": "Microsoft.Cdn/profiles",
            "metricName": "ResponseSize",
            "metricNamespace": "Microsoft.Cdn/profiles",
            "resourceGroup": "$ResourceGroup",
            "resourceName": "$ResourceName",
            "timeGrain": "PT1M",
            "timeGrains": [
              {
                "text": "auto",
                "value": "auto"
              },
              {
                "text": "1 minute",
                "value": "PT1M"
              },
              {
                "text": "5 minutes",
                "value": "PT5M"
              },
              {
                "text": "15 minutes",
                "value": "PT15M"
              },
              {
                "text": "30 minutes",
                "value": "PT30M"
              },
              {
                "text": "1 hour",
                "value": "PT1H"
              },
              {
                "text": "6 hours",
                "value": "PT6H"
              },
              {
                "text": "12 hours",
                "value": "PT12H"
              },
              {
                "text": "1 day",
                "value": "P1D"
              }
            ],
            "top": "10"
          },
          "azureResourceGraph": {
            "resultFormat": "table"
          },
          "datasource": {
            "type": "grafana-azure-monitor-datasource",
            "uid": "P1EB995EACC6832D3"
          },
          "insightsAnalytics": {
            "query": "",
            "resultFormat": "time_series"
          },
          "queryType": "Azure Monitor",
          "refId": "A",
          "subscription": "$Subscription",
          "subscriptions": [
            "$Subscription"
          ]
        }
      ],
      "thresholds": [],
      "timeRegions": [],
      "title": "Response size (total)",
      "tooltip": {
        "shared": true,
        "sort": 0,
        "value_type": "individual"
      },
      "type": "graph",
      "xaxis": {
        "mode": "time",
        "show": true,
        "values": []
      },
      "yaxes": [
        {
          "$$hashKey": "object:3668",
          "format": "decbytes",
          "logBase": 1,
          "show": true
        },
        {
          "$$hashKey": "object:3669",
          "format": "short",
          "logBase": 1,
          "show": true
        }
      ],
      "yaxis": {
        "align": false
      }
    }
  ],
  "refresh": "30s",
  "schemaVersion": 34,
  "style": "dark",
  "tags": [],
  "templating": {
    "list": [
      {
        "current": {
          "selected": false,
          "text": "Azure Monitor",
          "value": "Azure Monitor"
        },
        "hide": 2,
        "includeAll": false,
        "label": "DataSource:",
        "multi": false,
        "name": "DataSource",
        "options": [],
        "query": "grafana-azure-monitor-datasource",
        "queryValue": "",
        "refresh": 1,
        "regex": "",
        "skipUrlSync": false,
        "type": "datasource"
      },
      {
        "datasource": {
          "uid": "${DataSource}"
        },
        "definition": "ResourceGroups()",
        "hide": 0,
        "includeAll": false,
        "label": "Resource Group:",
        "multi": false,
        "name": "ResourceGroup",
        "options": [],
        "query": "ResourceGroups()",
        "refresh": 1,
        "regex": "/^(?!NetworkWatcherRG|DefaultResourceGroup-EJP)/",
        "skipUrlSync": false,
        "sort": 1,
        "tagValuesQuery": "",
        "tagsQuery": "",
        "type": "query",
        "useTags": false
      },
      {
        "datasource": {
          "uid": "${DataSource}"
        },
        "definition": "ResourceNames($ResourceGroup,Microsoft.Network/frontdoors)",
        "hide": 0,
        "includeAll": false,
        "label": "Resource Name:",
        "multi": false,
        "name": "ResourceName",
        "options": [],
        "query": {
          "grafanaTemplateVariableFn": {
            "kind": "ResourceNamesQuery",
            "metricDefinition": "Microsoft.Cdn/profiles",
            "rawQuery": "ResourceNames($ResourceGroup,Microsoft.Cdn/profiles)",
            "resourceGroup": "$ResourceGroup",
            "subscription": "$Subscription"
          },
          "queryType": "Grafana Template Variable Function",
          "refId": "A",
          "subscription": "$Subscription"
        },
        "refresh": 1,
        "regex": "/^(?!.*master)/",
        "skipUrlSync": false,
        "sort": 1,
        "tagValuesQuery": "",
        "tagsQuery": "",
        "type": "query",
        "useTags": false
      },
      {
        "datasource": {
          "uid": "${DataSource}"
        },
        "definition": "Subscriptions()",
        "hide": 2,
        "includeAll": false,
        "label": "Subscription:",
        "multi": false,
        "name": "Subscription",
        "options": [],
        "query": "Subscriptions()",
        "refresh": 1,
        "regex": "",
        "skipUrlSync": false,
        "sort": 1,
        "tagValuesQuery": "",
        "tagsQuery": "",
        "type": "query",
        "useTags": false
      },
      {
        "datasource": {
          "uid": "${DataSource}"
        },
        "definition": "Workspaces()",
        "hide": 2,
        "includeAll": false,
        "label": "Workspace:",
        "multi": false,
        "name": "Workspace",
        "options": [],
        "query": "Workspaces()",
        "refresh": 1,
        "regex": "",
        "skipUrlSync": false,
        "sort": 1,
        "tagValuesQuery": "",
        "tagsQuery": "",
        "type": "query",
        "useTags": false
      }
    ]
  },
  "time": {
    "from": "now-5m",
    "to": "now"
  },
  "timepicker": {
    "refresh_intervals": [
      "30s",
      "1m",
      "5m",
      "15m",
      "30m",
      "1h",
      "4h",
      "12h",
      "1d",
      "2d",
      "7d"
    ],
    "time_options": [
      "30s",
      "1m",
      "5m",
      "15m",
      "1h",
      "6h",
      "12h",
      "24h",
      "2d",
      "7d",
      "30d"
    ]
  },
  "timezone": "browser",
  "title": "Microsoft Azure Front Door",
  "uid": "OU9P9H4nk",
  "version": 1,
  "weekStart": ""
}