{
  "annotations": {
    "list": [
      {
        "builtIn": 1,
        "datasource": "-- Grafana --",
        "enable": true,
        "hide": true,
        "iconColor": "rgba(0, 211, 255, 1)",
        "name": "Annotations & Alerts",
        "type": "dashboard"
      }
    ]
  },
  "description": "Use Azure Monitor to view relevante information of Database",
  "editable": true,
  "gnetId": 10175,
  "graphTooltip": 0,
  "iteration": 1656504033048,
  "links": [
    {
      "icon": "doc",
      "tags": [],
      "targetBlank": true,
      "title": "Metrics Definitions",
      "tooltip": "",
      "type": "link",
      "url": "https://docs.microsoft.com/en-in/azure/azure-monitor/essentials/metrics-supported#microsoftsqlserversdatabases"
    }
  ],
  "panels": [
    {
      "collapsed": false,
      "datasource": null,
      "gridPos": {
        "h": 1,
        "w": 24,
        "x": 0,
        "y": 0
      },
      "id": 9,
      "panels": [],
      "repeat": "ResourceName",
      "title": "Microsoft Azure Database [$ResourceName]",
      "type": "row"
    },
    {
      "cacheTimeout": null,
      "datasource": "$DataSource",
      "fieldConfig": {
        "defaults": {
          "color": {
            "mode": "thresholds"
          },
          "mappings": [],
          "thresholds": {
            "mode": "absolute",
            "steps": [
              {
                "color": "#d44a3a",
                "value": null
              },
              {
                "color": "rgba(237, 129, 40, 0.89)",
                "value": 1
              },
              {
                "color": "#8F3BB8",
                "value": 0
              }
            ]
          },
          "unit": "short"
        },
        "overrides": []
      },
      "gridPos": {
        "h": 6,
        "w": 4,
        "x": 0,
        "y": 1
      },
      "id": 42,
      "interval": null,
      "links": [],
      "maxDataPoints": 100,
      "options": {
        "colorMode": "value",
        "graphMode": "none",
        "justifyMode": "auto",
        "orientation": "horizontal",
        "reduceOptions": {
          "calcs": [
            "lastNotNull"
          ],
          "fields": "",
          "values": false
        },
        "text": {},
        "textMode": "auto"
      },
      "pluginVersion": "8.0.6",
      "targets": [
        {
          "appInsights": {
            "dimension": [
              "none"
            ],
            "metricName": "select",
            "rawQuery": false,
            "rawQueryString": "",
            "spliton": "",
            "timeColumn": "timestamp",
            "timeGrain": "auto",
            "timeGrainType": "auto",
            "yaxis": ""
          },
          "azureLogAnalytics": {
            "query": "//change this example to create your own time series query\n<table name>                                                              //the table to query (e.g. Usage, Heartbeat, Perf)\n| where $__timeFilter(TimeGenerated)                                      //this is a macro used to show the full chart’s time range, choose the datetime column here\n| summarize count() by <group by column>, bin(TimeGenerated, $__interval) //change “group by column” to a column in your table, such as “Computer”. The $__interval macro is used to auto-select the time grain. Can also use 1h, 5m etc.\n| order by TimeGenerated asc",
            "resultFormat": "time_series",
            "workspace": ""
          },
          "azureMonitor": {
            "aggOptions": [
              "Average",
              "Maximum",
              "Minimum"
            ],
            "aggregation": "Average",
            "allowedTimeGrainsMs": [
              60000,
              300000,
              900000,
              1800000,
              3600000,
              21600000,
              43200000,
              86400000
            ],
            "dimension": null,
            "dimensionFilter": "",
            "dimensionFilters": [],
            "dimensions": [],
            "metricDefinition": "Microsoft.Sql/servers/databases",
            "metricName": "dtu_limit",
            "metricNamespace": "microsoft.sql/servers/databases",
            "resourceGroup": "$ResourceGroup",
            "resourceName": "$ResourceName",
            "timeGrain": "auto",
            "timeGrains": [
              {
                "text": "auto",
                "value": "auto"
              },
              {
                "text": "1 minute",
                "value": "PT1M"
              },
              {
                "text": "5 minutes",
                "value": "PT5M"
              },
              {
                "text": "15 minutes",
                "value": "PT15M"
              },
              {
                "text": "30 minutes",
                "value": "PT30M"
              },
              {
                "text": "1 hour",
                "value": "PT1H"
              },
              {
                "text": "6 hours",
                "value": "PT6H"
              },
              {
                "text": "12 hours",
                "value": "PT12H"
              },
              {
                "text": "1 day",
                "value": "P1D"
              }
            ],
            "top": "10"
          },
          "azureResourceGraph": {
            "resultFormat": "table"
          },
          "insightsAnalytics": {
            "query": "",
            "resultFormat": "time_series"
          },
          "queryType": "Azure Monitor",
          "refId": "A",
          "subscription": "$Subscription",
          "subscriptions": [
            "$Subscription"
          ]
        }
      ],
      "timeFrom": null,
      "timeShift": null,
      "title": "DTU total limit",
      "type": "stat"
    },
    {
      "cacheTimeout": null,
      "datasource": "$DataSource",
      "fieldConfig": {
        "defaults": {
          "color": {
            "mode": "thresholds"
          },
          "mappings": [],
          "thresholds": {
            "mode": "absolute",
            "steps": [
              {
                "color": "#56A64B",
                "value": null
              },
              {
                "color": "rgba(237, 129, 40, 0.89)",
                "value": 5
              },
              {
                "color": "#E02F44",
                "value": 10
              }
            ]
          },
          "unit": "short"
        },
        "overrides": []
      },
      "gridPos": {
        "h": 6,
        "w": 4,
        "x": 5,
        "y": 1
      },
      "id": 12,
      "interval": null,
      "links": [],
      "maxDataPoints": 100,
      "options": {
        "colorMode": "value",
        "graphMode": "none",
        "justifyMode": "auto",
        "orientation": "horizontal",
        "reduceOptions": {
          "calcs": [
            "lastNotNull"
          ],
          "fields": "",
          "values": false
        },
        "text": {},
        "textMode": "auto"
      },
      "pluginVersion": "8.0.6",
      "targets": [
        {
          "appInsights": {
            "dimension": [
              "none"
            ],
            "metricName": "select",
            "rawQuery": false,
            "rawQueryString": "",
            "spliton": "",
            "timeColumn": "timestamp",
            "timeGrain": "auto",
            "timeGrainType": "auto",
            "yaxis": ""
          },
          "azureLogAnalytics": {
            "query": "//change this example to create your own time series query\n<table name>                                                              //the table to query (e.g. Usage, Heartbeat, Perf)\n| where $__timeFilter(TimeGenerated)                                      //this is a macro used to show the full chart’s time range, choose the datetime column here\n| summarize count() by <group by column>, bin(TimeGenerated, $__interval) //change “group by column” to a column in your table, such as “Computer”. The $__interval macro is used to auto-select the time grain. Can also use 1h, 5m etc.\n| order by TimeGenerated asc",
            "resultFormat": "time_series",
            "workspace": ""
          },
          "azureMonitor": {
            "aggOptions": [
              "Average",
              "Maximum",
              "Minimum"
            ],
            "aggregation": "Average",
            "allowedTimeGrainsMs": [
              60000,
              300000,
              900000,
              1800000,
              3600000,
              21600000,
              43200000,
              86400000
            ],
            "dimension": null,
            "dimensionFilter": "",
            "dimensionFilters": [],
            "dimensions": [],
            "metricDefinition": "Microsoft.Sql/servers/databases",
            "metricName": "dtu_used",
            "metricNamespace": "microsoft.sql/servers/databases",
            "resourceGroup": "$ResourceGroup",
            "resourceName": "$ResourceName",
            "timeGrain": "auto",
            "timeGrains": [
              {
                "text": "auto",
                "value": "auto"
              },
              {
                "text": "1 minute",
                "value": "PT1M"
              },
              {
                "text": "5 minutes",
                "value": "PT5M"
              },
              {
                "text": "15 minutes",
                "value": "PT15M"
              },
              {
                "text": "30 minutes",
                "value": "PT30M"
              },
              {
                "text": "1 hour",
                "value": "PT1H"
              },
              {
                "text": "6 hours",
                "value": "PT6H"
              },
              {
                "text": "12 hours",
                "value": "PT12H"
              },
              {
                "text": "1 day",
                "value": "P1D"
              }
            ],
            "top": "10"
          },
          "azureResourceGraph": {
            "resultFormat": "table"
          },
          "insightsAnalytics": {
            "query": "",
            "resultFormat": "time_series"
          },
          "queryType": "Azure Monitor",
          "refId": "A",
          "subscription": "$Subscription",
          "subscriptions": [
            "$Subscription"
          ]
        }
      ],
      "timeFrom": null,
      "timeShift": null,
      "title": "DTU used",
      "type": "stat"
    },
    {
      "cacheTimeout": null,
      "datasource": "$DataSource",
      "fieldConfig": {
        "defaults": {
          "color": {
            "mode": "thresholds"
          },
          "decimals": 2,
          "mappings": [],
          "max": 100,
          "min": 0,
          "thresholds": {
            "mode": "absolute",
            "steps": [
              {
                "color": "#56A64B",
                "value": null
              },
              {
                "color": "rgba(237, 129, 40, 0.89)",
                "value": 70
              },
              {
                "color": "#d44a3a",
                "value": 85
              }
            ]
          },
          "unit": "percent"
        },
        "overrides": []
      },
      "gridPos": {
        "h": 6,
        "w": 4,
        "x": 10,
        "y": 1
      },
      "id": 43,
      "interval": null,
      "links": [],
      "maxDataPoints": 100,
      "options": {
        "orientation": "horizontal",
        "reduceOptions": {
          "calcs": [
            "range"
          ],
          "fields": "",
          "values": false
        },
        "showThresholdLabels": false,
        "showThresholdMarkers": true,
        "text": {}
      },
      "pluginVersion": "8.0.6",
      "targets": [
        {
          "appInsights": {
            "dimension": [
              "none"
            ],
            "metricName": "select",
            "rawQuery": false,
            "rawQueryString": "",
            "spliton": "",
            "timeColumn": "timestamp",
            "timeGrain": "auto",
            "timeGrainType": "auto",
            "yaxis": ""
          },
          "azureLogAnalytics": {
            "query": "//change this example to create your own time series query\n<table name>                                                              //the table to query (e.g. Usage, Heartbeat, Perf)\n| where $__timeFilter(TimeGenerated)                                      //this is a macro used to show the full chart’s time range, choose the datetime column here\n| summarize count() by <group by column>, bin(TimeGenerated, $__interval) //change “group by column” to a column in your table, such as “Computer”. The $__interval macro is used to auto-select the time grain. Can also use 1h, 5m etc.\n| order by TimeGenerated asc",
            "resultFormat": "time_series",
            "workspace": "$Workspace"
          },
          "azureMonitor": {
            "aggOptions": [
              "Average",
              "Maximum",
              "Minimum"
            ],
            "aggregation": "Average",
            "allowedTimeGrainsMs": [
              60000,
              300000,
              900000,
              1800000,
              3600000,
              21600000,
              43200000,
              86400000
            ],
            "dimension": "",
            "dimensionFilter": "*",
            "dimensionFilters": [],
            "dimensions": [],
            "metricDefinition": "Microsoft.Sql/servers/databases",
            "metricName": "storage_percent",
            "metricNamespace": "microsoft.sql/servers/databases",
            "resourceGroup": "$ResourceGroup",
            "resourceName": "$ResourceName",
            "timeGrain": "auto",
            "timeGrains": [
              {
                "text": "auto",
                "value": "auto"
              },
              {
                "text": "1 minute",
                "value": "PT1M"
              },
              {
                "text": "5 minutes",
                "value": "PT5M"
              },
              {
                "text": "15 minutes",
                "value": "PT15M"
              },
              {
                "text": "30 minutes",
                "value": "PT30M"
              },
              {
                "text": "1 hour",
                "value": "PT1H"
              },
              {
                "text": "6 hours",
                "value": "PT6H"
              },
              {
                "text": "12 hours",
                "value": "PT12H"
              },
              {
                "text": "1 day",
                "value": "P1D"
              }
            ],
            "top": "10"
          },
          "azureResourceGraph": {
            "resultFormat": "table"
          },
          "insightsAnalytics": {
            "query": "",
            "resultFormat": "time_series"
          },
          "queryType": "Azure Monitor",
          "refId": "A",
          "subscription": "$Subscription",
          "subscriptions": [
            "$Subscription"
          ]
        }
      ],
      "timeFrom": null,
      "timeShift": null,
      "title": "Data space used %",
      "type": "gauge"
    },
    {
      "cacheTimeout": null,
      "datasource": "$DataSource",
      "fieldConfig": {
        "defaults": {
          "color": {
            "mode": "thresholds"
          },
          "decimals": 0,
          "mappings": [],
          "thresholds": {
            "mode": "absolute",
            "steps": [
              {
                "color": "#E02F44",
                "value": null
              },
              {
                "color": "rgba(237, 129, 40, 0.89)",
                "value": 170
              },
              {
                "color": "#56A64B",
                "value": 210
              }
            ]
          },
          "unit": "bytes"
        },
        "overrides": []
      },
      "gridPos": {
        "h": 6,
        "w": 4,
        "x": 15,
        "y": 1
      },
      "id": 45,
      "interval": null,
      "links": [],
      "maxDataPoints": 100,
      "options": {
        "colorMode": "value",
        "graphMode": "none",
        "justifyMode": "auto",
        "orientation": "horizontal",
        "reduceOptions": {
          "calcs": [
            "lastNotNull"
          ],
          "fields": "",
          "values": false
        },
        "text": {},
        "textMode": "auto"
      },
      "pluginVersion": "8.0.6",
      "targets": [
        {
          "appInsights": {
            "dimension": [
              "none"
            ],
            "metricName": "select",
            "rawQuery": false,
            "rawQueryString": "",
            "spliton": "",
            "timeColumn": "timestamp",
            "timeGrain": "auto",
            "timeGrainType": "auto",
            "yaxis": ""
          },
          "azureLogAnalytics": {
            "query": "//change this example to create your own time series query\n<table name>                                                              //the table to query (e.g. Usage, Heartbeat, Perf)\n| where $__timeFilter(TimeGenerated)                                      //this is a macro used to show the full chart’s time range, choose the datetime column here\n| summarize count() by <group by column>, bin(TimeGenerated, $__interval) //change “group by column” to a column in your table, such as “Computer”. The $__interval macro is used to auto-select the time grain. Can also use 1h, 5m etc.\n| order by TimeGenerated asc",
            "resultFormat": "time_series",
            "workspace": ""
          },
          "azureMonitor": {
            "aggOptions": [
              "Average",
              "Maximum",
              "Minimum"
            ],
            "aggregation": "Average",
            "allowedTimeGrainsMs": [
              60000,
              300000,
              900000,
              1800000,
              3600000,
              21600000,
              43200000,
              86400000
            ],
            "dimension": null,
            "dimensionFilter": "",
            "dimensionFilters": [],
            "dimensions": [],
            "metricDefinition": "Microsoft.Sql/servers/databases",
            "metricName": "storage",
            "metricNamespace": "microsoft.sql/servers/databases",
            "resourceGroup": "$ResourceGroup",
            "resourceName": "$ResourceName",
            "timeGrain": "auto",
            "timeGrains": [
              {
                "text": "auto",
                "value": "auto"
              },
              {
                "text": "1 minute",
                "value": "PT1M"
              },
              {
                "text": "5 minutes",
                "value": "PT5M"
              },
              {
                "text": "15 minutes",
                "value": "PT15M"
              },
              {
                "text": "30 minutes",
                "value": "PT30M"
              },
              {
                "text": "1 hour",
                "value": "PT1H"
              },
              {
                "text": "6 hours",
                "value": "PT6H"
              },
              {
                "text": "12 hours",
                "value": "PT12H"
              },
              {
                "text": "1 day",
                "value": "P1D"
              }
            ],
            "top": "10"
          },
          "azureResourceGraph": {
            "resultFormat": "table"
          },
          "insightsAnalytics": {
            "query": "",
            "resultFormat": "time_series"
          },
          "queryType": "Azure Monitor",
          "refId": "A",
          "subscription": "$Subscription",
          "subscriptions": [
            "$Subscription"
          ]
        }
      ],
      "timeFrom": null,
      "timeShift": null,
      "title": "Data space used",
      "type": "stat"
    },
    {
      "cacheTimeout": null,
      "datasource": "$DataSource",
      "fieldConfig": {
        "defaults": {
          "color": {
            "mode": "thresholds"
          },
          "decimals": 0,
          "mappings": [],
          "thresholds": {
            "mode": "absolute",
            "steps": [
              {
                "color": "green",
                "value": null
              },
              {
                "color": "red",
                "value": 80
              }
            ]
          },
          "unit": "bytes"
        },
        "overrides": []
      },
      "gridPos": {
        "h": 6,
        "w": 4,
        "x": 20,
        "y": 1
      },
      "id": 44,
      "interval": null,
      "links": [],
      "maxDataPoints": 100,
      "options": {
        "colorMode": "value",
        "graphMode": "none",
        "justifyMode": "auto",
        "orientation": "horizontal",
        "reduceOptions": {
          "calcs": [
            "lastNotNull"
          ],
          "fields": "",
          "values": false
        },
        "text": {},
        "textMode": "auto"
      },
      "pluginVersion": "8.0.6",
      "targets": [
        {
          "appInsights": {
            "dimension": [
              "none"
            ],
            "metricName": "select",
            "rawQuery": false,
            "rawQueryString": "",
            "spliton": "",
            "timeColumn": "timestamp",
            "timeGrain": "auto",
            "timeGrainType": "auto",
            "yaxis": ""
          },
          "azureLogAnalytics": {
            "query": "//change this example to create your own time series query\n<table name>                                                              //the table to query (e.g. Usage, Heartbeat, Perf)\n| where $__timeFilter(TimeGenerated)                                      //this is a macro used to show the full chart’s time range, choose the datetime column here\n| summarize count() by <group by column>, bin(TimeGenerated, $__interval) //change “group by column” to a column in your table, such as “Computer”. The $__interval macro is used to auto-select the time grain. Can also use 1h, 5m etc.\n| order by TimeGenerated asc",
            "resultFormat": "time_series",
            "workspace": ""
          },
          "azureMonitor": {
            "aggOptions": [
              "Average",
              "Maximum",
              "Minimum"
            ],
            "aggregation": "Average",
            "allowedTimeGrainsMs": [
              60000,
              300000,
              900000,
              1800000,
              3600000,
              21600000,
              43200000,
              86400000
            ],
            "dimension": null,
            "dimensionFilter": "",
            "dimensionFilters": [],
            "dimensions": [],
            "metricDefinition": "Microsoft.Sql/servers/databases",
            "metricName": "allocated_data_storage",
            "metricNamespace": "microsoft.sql/servers/databases",
            "resourceGroup": "$ResourceGroup",
            "resourceName": "$ResourceName",
            "timeGrain": "auto",
            "timeGrains": [
              {
                "text": "auto",
                "value": "auto"
              },
              {
                "text": "1 minute",
                "value": "PT1M"
              },
              {
                "text": "5 minutes",
                "value": "PT5M"
              },
              {
                "text": "15 minutes",
                "value": "PT15M"
              },
              {
                "text": "30 minutes",
                "value": "PT30M"
              },
              {
                "text": "1 hour",
                "value": "PT1H"
              },
              {
                "text": "6 hours",
                "value": "PT6H"
              },
              {
                "text": "12 hours",
                "value": "PT12H"
              },
              {
                "text": "1 day",
                "value": "P1D"
              }
            ],
            "top": "10"
          },
          "azureResourceGraph": {
            "resultFormat": "table"
          },
          "insightsAnalytics": {
            "query": "",
            "resultFormat": "time_series"
          },
          "queryType": "Azure Monitor",
          "refId": "A",
          "subscription": "$Subscription",
          "subscriptions": [
            "$Subscription"
          ]
        }
      ],
      "timeFrom": null,
      "timeShift": null,
      "title": "Data space allocated (dynamic)",
      "type": "stat"
    },
    {
      "aliasColors": {},
      "bars": false,
      "dashLength": 10,
      "dashes": false,
      "datasource": "$DataSource",
      "decimals": 2,
      "fill": 3,
      "fillGradient": 0,
      "gridPos": {
        "h": 8,
        "w": 24,
        "x": 0,
        "y": 7
      },
      "hiddenSeries": false,
      "id": 5,
      "legend": {
        "alignAsTable": true,
        "avg": true,
        "current": true,
        "hideEmpty": true,
        "hideZero": true,
        "max": true,
        "min": true,
        "rightSide": true,
        "show": true,
        "sideWidth": null,
        "total": false,
        "values": true
      },
      "lines": true,
      "linewidth": 2,
      "links": [],
      "nullPointMode": "connected",
      "options": {
        "alertThreshold": true
      },
      "paceLength": 10,
      "percentage": false,
      "pluginVersion": "8.0.6",
      "pointradius": 0.5,
      "points": false,
      "renderer": "flot",
      "seriesOverrides": [
        {
          "alias": "Deadlocks",
          "lines": true
        }
      ],
      "spaceLength": 10,
      "stack": false,
      "steppedLine": false,
      "targets": [
        {
          "appInsights": {
            "dimension": [
              "none"
            ],
            "metricName": "select",
            "rawQuery": false,
            "rawQueryString": "",
            "spliton": "",
            "timeColumn": "timestamp",
            "timeGrain": "auto",
            "timeGrainType": "auto",
            "yaxis": ""
          },
          "azureLogAnalytics": {
            "query": "//change this example to create your own time series query\n<table name>                                                              //the table to query (e.g. Usage, Heartbeat, Perf)\n| where $__timeFilter(TimeGenerated)                                      //this is a macro used to show the full chart’s time range, choose the datetime column here\n| summarize count() by <group by column>, bin(TimeGenerated, $__interval) //change “group by column” to a column in your table, such as “Computer”. The $__interval macro is used to auto-select the time grain. Can also use 1h, 5m etc.\n| order by TimeGenerated asc",
            "resultFormat": "time_series",
            "workspace": "$Workspace"
          },
          "azureMonitor": {
            "aggOptions": [
              "Total",
              "Count"
            ],
            "aggregation": "Maximum",
            "alias": "Successful",
            "allowedTimeGrainsMs": [
              60000,
              300000,
              900000,
              1800000,
              3600000,
              21600000,
              43200000,
              86400000
            ],
            "dimension": null,
            "dimensionFilter": "*",
            "dimensionFilters": [],
            "dimensions": [],
            "metricDefinition": "Microsoft.Sql/servers/databases",
            "metricName": "dtu_consumption_percent",
            "metricNamespace": "microsoft.sql/servers/databases",
            "resourceGroup": "$ResourceGroup",
            "resourceName": "$ResourceName",
            "timeGrain": "PT1M",
            "timeGrains": [
              {
                "text": "auto",
                "value": "auto"
              },
              {
                "text": "1 minute",
                "value": "PT1M"
              },
              {
                "text": "5 minutes",
                "value": "PT5M"
              },
              {
                "text": "15 minutes",
                "value": "PT15M"
              },
              {
                "text": "30 minutes",
                "value": "PT30M"
              },
              {
                "text": "1 hour",
                "value": "PT1H"
              },
              {
                "text": "6 hours",
                "value": "PT6H"
              },
              {
                "text": "12 hours",
                "value": "PT12H"
              },
              {
                "text": "1 day",
                "value": "P1D"
              }
            ],
            "top": "10"
          },
          "azureResourceGraph": {
            "resultFormat": "table"
          },
          "insightsAnalytics": {
            "query": "",
            "resultFormat": "time_series"
          },
          "queryType": "Azure Monitor",
          "refId": "A",
          "subscription": "$Subscription",
          "subscriptions": [
            "$Subscription"
          ]
        }
      ],
      "thresholds": [],
      "timeFrom": null,
      "timeRegions": [],
      "timeShift": null,
      "title": "DTU percentage  (max)",
      "tooltip": {
        "shared": true,
        "sort": 0,
        "value_type": "individual"
      },
      "type": "graph",
      "xaxis": {
        "buckets": null,
        "mode": "time",
        "name": null,
        "show": true,
        "values": []
      },
      "yaxes": [
        {
          "format": "percent",
          "label": "",
          "logBase": 1,
          "max": null,
          "min": null,
          "show": true
        },
        {
          "format": "short",
          "label": "",
          "logBase": 1,
          "max": null,
          "min": null,
          "show": true
        }
      ],
      "yaxis": {
        "align": false,
        "alignLevel": null
      }
    },
    {
      "aliasColors": {},
      "bars": false,
      "dashLength": 10,
      "dashes": false,
      "datasource": "$DataSource",
      "decimals": 2,
      "fill": 3,
      "fillGradient": 0,
      "gridPos": {
        "h": 8,
        "w": 24,
        "x": 0,
        "y": 15
      },
      "hiddenSeries": false,
      "id": 51,
      "legend": {
        "alignAsTable": true,
        "avg": true,
        "current": true,
        "hideEmpty": true,
        "hideZero": true,
        "max": true,
        "min": true,
        "rightSide": true,
        "show": true,
        "sideWidth": null,
        "total": false,
        "values": true
      },
      "lines": true,
      "linewidth": 2,
      "links": [],
      "nullPointMode": "connected",
      "options": {
        "alertThreshold": true
      },
      "paceLength": 10,
      "percentage": false,
      "pluginVersion": "8.0.6",
      "pointradius": 0.5,
      "points": false,
      "renderer": "flot",
      "seriesOverrides": [
        {
          "alias": "Deadlocks",
          "lines": true
        }
      ],
      "spaceLength": 10,
      "stack": false,
      "steppedLine": false,
      "targets": [
        {
          "appInsights": {
            "dimension": [
              "none"
            ],
            "metricName": "select",
            "rawQuery": false,
            "rawQueryString": "",
            "spliton": "",
            "timeColumn": "timestamp",
            "timeGrain": "auto",
            "timeGrainType": "auto",
            "yaxis": ""
          },
          "azureLogAnalytics": {
            "query": "//change this example to create your own time series query\n<table name>                                                              //the table to query (e.g. Usage, Heartbeat, Perf)\n| where $__timeFilter(TimeGenerated)                                      //this is a macro used to show the full chart’s time range, choose the datetime column here\n| summarize count() by <group by column>, bin(TimeGenerated, $__interval) //change “group by column” to a column in your table, such as “Computer”. The $__interval macro is used to auto-select the time grain. Can also use 1h, 5m etc.\n| order by TimeGenerated asc",
            "resultFormat": "time_series",
            "workspace": "$Workspace"
          },
          "azureMonitor": {
            "aggOptions": [
              "Total",
              "Count"
            ],
            "aggregation": "Maximum",
            "alias": "Successful",
            "allowedTimeGrainsMs": [
              60000,
              300000,
              900000,
              1800000,
              3600000,
              21600000,
              43200000,
              86400000
            ],
            "dimension": null,
            "dimensionFilter": "*",
            "dimensionFilters": [],
            "dimensions": [],
            "metricDefinition": "Microsoft.Sql/servers/databases",
            "metricName": "cpu_percent",
            "metricNamespace": "microsoft.sql/servers/databases",
            "resourceGroup": "$ResourceGroup",
            "resourceName": "$ResourceName",
            "timeGrain": "PT1M",
            "timeGrains": [
              {
                "text": "auto",
                "value": "auto"
              },
              {
                "text": "1 minute",
                "value": "PT1M"
              },
              {
                "text": "5 minutes",
                "value": "PT5M"
              },
              {
                "text": "15 minutes",
                "value": "PT15M"
              },
              {
                "text": "30 minutes",
                "value": "PT30M"
              },
              {
                "text": "1 hour",
                "value": "PT1H"
              },
              {
                "text": "6 hours",
                "value": "PT6H"
              },
              {
                "text": "12 hours",
                "value": "PT12H"
              },
              {
                "text": "1 day",
                "value": "P1D"
              }
            ],
            "top": "10"
          },
          "azureResourceGraph": {
            "resultFormat": "table"
          },
          "insightsAnalytics": {
            "query": "",
            "resultFormat": "time_series"
          },
          "queryType": "Azure Monitor",
          "refId": "A",
          "subscription": "$Subscription",
          "subscriptions": [
            "$Subscription"
          ]
        }
      ],
      "thresholds": [],
      "timeFrom": null,
      "timeRegions": [],
      "timeShift": null,
      "title": "CPU percentage (max)",
      "tooltip": {
        "shared": true,
        "sort": 0,
        "value_type": "individual"
      },
      "type": "graph",
      "xaxis": {
        "buckets": null,
        "mode": "time",
        "name": null,
        "show": true,
        "values": []
      },
      "yaxes": [
        {
          "format": "percent",
          "label": "",
          "logBase": 1,
          "max": null,
          "min": null,
          "show": true
        },
        {
          "format": "short",
          "label": "",
          "logBase": 1,
          "max": null,
          "min": null,
          "show": true
        }
      ],
      "yaxis": {
        "align": false,
        "alignLevel": null
      }
    },
    {
      "aliasColors": {},
      "bars": false,
      "dashLength": 10,
      "dashes": false,
      "datasource": "$DataSource",
      "decimals": 2,
      "fill": 3,
      "fillGradient": 0,
      "gridPos": {
        "h": 8,
        "w": 24,
        "x": 0,
        "y": 23
      },
      "hiddenSeries": false,
      "id": 52,
      "legend": {
        "alignAsTable": true,
        "avg": true,
        "current": true,
        "hideEmpty": true,
        "hideZero": true,
        "max": true,
        "min": true,
        "rightSide": true,
        "show": true,
        "sideWidth": null,
        "total": false,
        "values": true
      },
      "lines": true,
      "linewidth": 2,
      "links": [],
      "nullPointMode": "connected",
      "options": {
        "alertThreshold": true
      },
      "paceLength": 10,
      "percentage": false,
      "pluginVersion": "8.0.6",
      "pointradius": 0.5,
      "points": false,
      "renderer": "flot",
      "seriesOverrides": [
        {
          "alias": "Deadlocks",
          "lines": true
        }
      ],
      "spaceLength": 10,
      "stack": false,
      "steppedLine": false,
      "targets": [
        {
          "appInsights": {
            "dimension": [
              "none"
            ],
            "metricName": "select",
            "rawQuery": false,
            "rawQueryString": "",
            "spliton": "",
            "timeColumn": "timestamp",
            "timeGrain": "auto",
            "timeGrainType": "auto",
            "yaxis": ""
          },
          "azureLogAnalytics": {
            "query": "//change this example to create your own time series query\n<table name>                                                              //the table to query (e.g. Usage, Heartbeat, Perf)\n| where $__timeFilter(TimeGenerated)                                      //this is a macro used to show the full chart’s time range, choose the datetime column here\n| summarize count() by <group by column>, bin(TimeGenerated, $__interval) //change “group by column” to a column in your table, such as “Computer”. The $__interval macro is used to auto-select the time grain. Can also use 1h, 5m etc.\n| order by TimeGenerated asc",
            "resultFormat": "time_series",
            "workspace": "$Workspace"
          },
          "azureMonitor": {
            "aggOptions": [
              "Total",
              "Count"
            ],
            "aggregation": "Maximum",
            "alias": "Successful",
            "allowedTimeGrainsMs": [
              60000,
              300000,
              900000,
              1800000,
              3600000,
              21600000,
              43200000,
              86400000
            ],
            "dimension": null,
            "dimensionFilter": "*",
            "dimensionFilters": [],
            "dimensions": [],
            "metricDefinition": "Microsoft.Sql/servers/databases",
            "metricName": "physical_data_read_percent",
            "metricNamespace": "microsoft.sql/servers/databases",
            "resourceGroup": "$ResourceGroup",
            "resourceName": "$ResourceName",
            "timeGrain": "PT1M",
            "timeGrains": [
              {
                "text": "auto",
                "value": "auto"
              },
              {
                "text": "1 minute",
                "value": "PT1M"
              },
              {
                "text": "5 minutes",
                "value": "PT5M"
              },
              {
                "text": "15 minutes",
                "value": "PT15M"
              },
              {
                "text": "30 minutes",
                "value": "PT30M"
              },
              {
                "text": "1 hour",
                "value": "PT1H"
              },
              {
                "text": "6 hours",
                "value": "PT6H"
              },
              {
                "text": "12 hours",
                "value": "PT12H"
              },
              {
                "text": "1 day",
                "value": "P1D"
              }
            ],
            "top": "10"
          },
          "azureResourceGraph": {
            "resultFormat": "table"
          },
          "insightsAnalytics": {
            "query": "",
            "resultFormat": "time_series"
          },
          "queryType": "Azure Monitor",
          "refId": "A",
          "subscription": "$Subscription",
          "subscriptions": [
            "$Subscription"
          ]
        }
      ],
      "thresholds": [],
      "timeFrom": null,
      "timeRegions": [],
      "timeShift": null,
      "title": "Data IO percentage (max)",
      "tooltip": {
        "shared": true,
        "sort": 0,
        "value_type": "individual"
      },
      "type": "graph",
      "xaxis": {
        "buckets": null,
        "mode": "time",
        "name": null,
        "show": true,
        "values": []
      },
      "yaxes": [
        {
          "format": "percent",
          "label": "",
          "logBase": 1,
          "max": null,
          "min": null,
          "show": true
        },
        {
          "format": "short",
          "label": "",
          "logBase": 1,
          "max": null,
          "min": null,
          "show": true
        }
      ],
      "yaxis": {
        "align": false,
        "alignLevel": null
      }
    },
    {
      "aliasColors": {},
      "bars": false,
      "dashLength": 10,
      "dashes": false,
      "datasource": "$DataSource",
      "decimals": 2,
      "fill": 3,
      "fillGradient": 0,
      "gridPos": {
        "h": 8,
        "w": 24,
        "x": 0,
        "y": 31
      },
      "hiddenSeries": false,
      "id": 53,
      "legend": {
        "alignAsTable": true,
        "avg": true,
        "current": true,
        "hideEmpty": true,
        "hideZero": true,
        "max": true,
        "min": true,
        "rightSide": true,
        "show": true,
        "sideWidth": null,
        "total": false,
        "values": true
      },
      "lines": true,
      "linewidth": 2,
      "links": [],
      "nullPointMode": "connected",
      "options": {
        "alertThreshold": true
      },
      "paceLength": 10,
      "percentage": false,
      "pluginVersion": "8.0.6",
      "pointradius": 0.5,
      "points": false,
      "renderer": "flot",
      "seriesOverrides": [
        {
          "alias": "Deadlocks",
          "lines": true
        }
      ],
      "spaceLength": 10,
      "stack": false,
      "steppedLine": false,
      "targets": [
        {
          "appInsights": {
            "dimension": [
              "none"
            ],
            "metricName": "select",
            "rawQuery": false,
            "rawQueryString": "",
            "spliton": "",
            "timeColumn": "timestamp",
            "timeGrain": "auto",
            "timeGrainType": "auto",
            "yaxis": ""
          },
          "azureLogAnalytics": {
            "query": "//change this example to create your own time series query\n<table name>                                                              //the table to query (e.g. Usage, Heartbeat, Perf)\n| where $__timeFilter(TimeGenerated)                                      //this is a macro used to show the full chart’s time range, choose the datetime column here\n| summarize count() by <group by column>, bin(TimeGenerated, $__interval) //change “group by column” to a column in your table, such as “Computer”. The $__interval macro is used to auto-select the time grain. Can also use 1h, 5m etc.\n| order by TimeGenerated asc",
            "resultFormat": "time_series",
            "workspace": "$Workspace"
          },
          "azureMonitor": {
            "aggOptions": [
              "Total",
              "Count"
            ],
            "aggregation": "Maximum",
            "alias": "Successful",
            "allowedTimeGrainsMs": [
              60000,
              300000,
              900000,
              1800000,
              3600000,
              21600000,
              43200000,
              86400000
            ],
            "dimension": null,
            "dimensionFilter": "*",
            "dimensionFilters": [],
            "dimensions": [],
            "metricDefinition": "Microsoft.Sql/servers/databases",
            "metricName": "log_write_percent",
            "metricNamespace": "microsoft.sql/servers/databases",
            "resourceGroup": "$ResourceGroup",
            "resourceName": "$ResourceName",
            "timeGrain": "PT1M",
            "timeGrains": [
              {
                "text": "auto",
                "value": "auto"
              },
              {
                "text": "1 minute",
                "value": "PT1M"
              },
              {
                "text": "5 minutes",
                "value": "PT5M"
              },
              {
                "text": "15 minutes",
                "value": "PT15M"
              },
              {
                "text": "30 minutes",
                "value": "PT30M"
              },
              {
                "text": "1 hour",
                "value": "PT1H"
              },
              {
                "text": "6 hours",
                "value": "PT6H"
              },
              {
                "text": "12 hours",
                "value": "PT12H"
              },
              {
                "text": "1 day",
                "value": "P1D"
              }
            ],
            "top": "10"
          },
          "azureResourceGraph": {
            "resultFormat": "table"
          },
          "insightsAnalytics": {
            "query": "",
            "resultFormat": "time_series"
          },
          "queryType": "Azure Monitor",
          "refId": "A",
          "subscription": "$Subscription",
          "subscriptions": [
            "$Subscription"
          ]
        }
      ],
      "thresholds": [],
      "timeFrom": null,
      "timeRegions": [],
      "timeShift": null,
      "title": "Log IO percentage (max)",
      "tooltip": {
        "shared": true,
        "sort": 0,
        "value_type": "individual"
      },
      "type": "graph",
      "xaxis": {
        "buckets": null,
        "mode": "time",
        "name": null,
        "show": true,
        "values": []
      },
      "yaxes": [
        {
          "format": "percent",
          "label": "",
          "logBase": 1,
          "max": null,
          "min": null,
          "show": true
        },
        {
          "format": "short",
          "label": "",
          "logBase": 1,
          "max": null,
          "min": null,
          "show": true
        }
      ],
      "yaxis": {
        "align": false,
        "alignLevel": null
      }
    },
    {
      "aliasColors": {},
      "bars": false,
      "dashLength": 10,
      "dashes": false,
      "datasource": "$DataSource",
      "decimals": 2,
      "fill": 3,
      "fillGradient": 0,
      "gridPos": {
        "h": 8,
        "w": 24,
        "x": 0,
        "y": 39
      },
      "hiddenSeries": false,
      "id": 50,
      "legend": {
        "alignAsTable": true,
        "avg": true,
        "current": true,
        "hideEmpty": true,
        "hideZero": true,
        "max": true,
        "min": true,
        "rightSide": true,
        "show": true,
        "sideWidth": null,
        "total": false,
        "values": true
      },
      "lines": true,
      "linewidth": 2,
      "links": [],
      "nullPointMode": "connected",
      "options": {
        "alertThreshold": true
      },
      "paceLength": 10,
      "percentage": false,
      "pluginVersion": "8.0.6",
      "pointradius": 0.5,
      "points": false,
      "renderer": "flot",
      "seriesOverrides": [
        {
          "alias": "Deadlocks",
          "lines": true
        }
      ],
      "spaceLength": 10,
      "stack": false,
      "steppedLine": false,
      "targets": [
        {
          "appInsights": {
            "dimension": [
              "none"
            ],
            "metricName": "select",
            "rawQuery": false,
            "rawQueryString": "",
            "spliton": "",
            "timeColumn": "timestamp",
            "timeGrain": "auto",
            "timeGrainType": "auto",
            "yaxis": ""
          },
          "azureLogAnalytics": {
            "query": "//change this example to create your own time series query\n<table name>                                                              //the table to query (e.g. Usage, Heartbeat, Perf)\n| where $__timeFilter(TimeGenerated)                                      //this is a macro used to show the full chart’s time range, choose the datetime column here\n| summarize count() by <group by column>, bin(TimeGenerated, $__interval) //change “group by column” to a column in your table, such as “Computer”. The $__interval macro is used to auto-select the time grain. Can also use 1h, 5m etc.\n| order by TimeGenerated asc",
            "resultFormat": "time_series",
            "workspace": "$Workspace"
          },
          "azureMonitor": {
            "aggOptions": [
              "Total",
              "Count"
            ],
            "aggregation": "Maximum",
            "alias": "Successful",
            "allowedTimeGrainsMs": [
              60000,
              300000,
              900000,
              1800000,
              3600000,
              21600000,
              43200000,
              86400000
            ],
            "dimension": null,
            "dimensionFilter": "*",
            "dimensionFilters": [],
            "dimensions": [],
            "metricDefinition": "Microsoft.Sql/servers/databases",
            "metricName": "storage_percent",
            "metricNamespace": "microsoft.sql/servers/databases",
            "resourceGroup": "$ResourceGroup",
            "resourceName": "$ResourceName",
            "timeGrain": "PT1M",
            "timeGrains": [
              {
                "text": "auto",
                "value": "auto"
              },
              {
                "text": "1 minute",
                "value": "PT1M"
              },
              {
                "text": "5 minutes",
                "value": "PT5M"
              },
              {
                "text": "15 minutes",
                "value": "PT15M"
              },
              {
                "text": "30 minutes",
                "value": "PT30M"
              },
              {
                "text": "1 hour",
                "value": "PT1H"
              },
              {
                "text": "6 hours",
                "value": "PT6H"
              },
              {
                "text": "12 hours",
                "value": "PT12H"
              },
              {
                "text": "1 day",
                "value": "P1D"
              }
            ],
            "top": "10"
          },
          "azureResourceGraph": {
            "resultFormat": "table"
          },
          "insightsAnalytics": {
            "query": "",
            "resultFormat": "time_series"
          },
          "queryType": "Azure Monitor",
          "refId": "A",
          "subscription": "$Subscription",
          "subscriptions": [
            "$Subscription"
          ]
        }
      ],
      "thresholds": [],
      "timeFrom": null,
      "timeRegions": [],
      "timeShift": null,
      "title": "Data space used percentage (max)",
      "tooltip": {
        "shared": true,
        "sort": 0,
        "value_type": "individual"
      },
      "type": "graph",
      "xaxis": {
        "buckets": null,
        "mode": "time",
        "name": null,
        "show": true,
        "values": []
      },
      "yaxes": [
        {
          "format": "percent",
          "label": "",
          "logBase": 1,
          "max": null,
          "min": null,
          "show": true
        },
        {
          "format": "short",
          "label": "",
          "logBase": 1,
          "max": null,
          "min": null,
          "show": true
        }
      ],
      "yaxis": {
        "align": false,
        "alignLevel": null
      }
    },
    {
      "aliasColors": {},
      "bars": false,
      "dashLength": 10,
      "dashes": false,
      "datasource": "$DataSource",
      "decimals": 2,
      "fill": 3,
      "fillGradient": 0,
      "gridPos": {
        "h": 8,
        "w": 24,
        "x": 0,
        "y": 47
      },
      "hiddenSeries": false,
      "id": 49,
      "legend": {
        "alignAsTable": true,
        "avg": true,
        "current": true,
        "hideEmpty": true,
        "hideZero": true,
        "max": true,
        "min": true,
        "rightSide": true,
        "show": true,
        "sideWidth": null,
        "total": true,
        "values": true
      },
      "lines": true,
      "linewidth": 2,
      "links": [],
      "nullPointMode": "connected",
      "options": {
        "alertThreshold": true
      },
      "paceLength": 10,
      "percentage": false,
      "pluginVersion": "8.0.6",
      "pointradius": 0.5,
      "points": false,
      "renderer": "flot",
      "seriesOverrides": [
        {
          "alias": "Deadlocks",
          "lines": true
        }
      ],
      "spaceLength": 10,
      "stack": false,
      "steppedLine": false,
      "targets": [
        {
          "appInsights": {
            "dimension": [
              "none"
            ],
            "metricName": "select",
            "rawQuery": false,
            "rawQueryString": "",
            "spliton": "",
            "timeColumn": "timestamp",
            "timeGrain": "auto",
            "timeGrainType": "auto",
            "yaxis": ""
          },
          "azureLogAnalytics": {
            "query": "//change this example to create your own time series query\n<table name>                                                              //the table to query (e.g. Usage, Heartbeat, Perf)\n| where $__timeFilter(TimeGenerated)                                      //this is a macro used to show the full chart’s time range, choose the datetime column here\n| summarize count() by <group by column>, bin(TimeGenerated, $__interval) //change “group by column” to a column in your table, such as “Computer”. The $__interval macro is used to auto-select the time grain. Can also use 1h, 5m etc.\n| order by TimeGenerated asc",
            "resultFormat": "time_series",
            "workspace": "$Workspace"
          },
          "azureMonitor": {
            "aggOptions": [
              "Total",
              "Count"
            ],
            "aggregation": "Total",
            "alias": "Successful",
            "allowedTimeGrainsMs": [
              60000,
              300000,
              900000,
              1800000,
              3600000,
              21600000,
              43200000,
              86400000
            ],
            "dimension": null,
            "dimensionFilter": "*",
            "dimensionFilters": [],
            "dimensions": [],
            "metricDefinition": "Microsoft.Sql/servers/databases",
            "metricName": "connection_successful",
            "metricNamespace": "microsoft.sql/servers/databases",
            "resourceGroup": "$ResourceGroup",
            "resourceName": "$ResourceName",
            "timeGrain": "PT1M",
            "timeGrains": [
              {
                "text": "auto",
                "value": "auto"
              },
              {
                "text": "1 minute",
                "value": "PT1M"
              },
              {
                "text": "5 minutes",
                "value": "PT5M"
              },
              {
                "text": "15 minutes",
                "value": "PT15M"
              },
              {
                "text": "30 minutes",
                "value": "PT30M"
              },
              {
                "text": "1 hour",
                "value": "PT1H"
              },
              {
                "text": "6 hours",
                "value": "PT6H"
              },
              {
                "text": "12 hours",
                "value": "PT12H"
              },
              {
                "text": "1 day",
                "value": "P1D"
              }
            ],
            "top": "10"
          },
          "azureResourceGraph": {
            "resultFormat": "table"
          },
          "insightsAnalytics": {
            "query": "",
            "resultFormat": "time_series"
          },
          "queryType": "Azure Monitor",
          "refId": "A",
          "subscription": "$Subscription",
          "subscriptions": [
            "$Subscription"
          ]
        },
        {
          "appInsights": {
            "dimension": [
              "none"
            ],
            "metricName": "select",
            "rawQuery": false,
            "rawQueryString": "",
            "spliton": "",
            "timeColumn": "timestamp",
            "timeGrain": "auto",
            "timeGrainType": "auto",
            "yaxis": ""
          },
          "azureLogAnalytics": {
            "query": "//change this example to create your own time series query\n<table name>                                                              //the table to query (e.g. Usage, Heartbeat, Perf)\n| where $__timeFilter(TimeGenerated)                                      //this is a macro used to show the full chart’s time range, choose the datetime column here\n| summarize count() by <group by column>, bin(TimeGenerated, $__interval) //change “group by column” to a column in your table, such as “Computer”. The $__interval macro is used to auto-select the time grain. Can also use 1h, 5m etc.\n| order by TimeGenerated asc",
            "resultFormat": "time_series",
            "workspace": "$Workspace"
          },
          "azureMonitor": {
            "aggOptions": [
              "Total",
              "Count"
            ],
            "aggregation": "Total",
            "alias": "Failed",
            "allowedTimeGrainsMs": [
              60000,
              300000,
              900000,
              1800000,
              3600000,
              21600000,
              43200000,
              86400000
            ],
            "dimension": null,
            "dimensionFilter": "*",
            "dimensionFilters": [],
            "dimensions": [],
            "metricDefinition": "Microsoft.Sql/servers/databases",
            "metricName": "connection_failed",
            "metricNamespace": "microsoft.sql/servers/databases",
            "resourceGroup": "$ResourceGroup",
            "resourceName": "$ResourceName",
            "timeGrain": "auto",
            "timeGrains": [
              {
                "text": "auto",
                "value": "auto"
              },
              {
                "text": "1 minute",
                "value": "PT1M"
              },
              {
                "text": "5 minutes",
                "value": "PT5M"
              },
              {
                "text": "15 minutes",
                "value": "PT15M"
              },
              {
                "text": "30 minutes",
                "value": "PT30M"
              },
              {
                "text": "1 hour",
                "value": "PT1H"
              },
              {
                "text": "6 hours",
                "value": "PT6H"
              },
              {
                "text": "12 hours",
                "value": "PT12H"
              },
              {
                "text": "1 day",
                "value": "P1D"
              }
            ],
            "top": "10"
          },
          "azureResourceGraph": {
            "resultFormat": "table"
          },
          "insightsAnalytics": {
            "query": "",
            "resultFormat": "time_series"
          },
          "queryType": "Azure Monitor",
          "refId": "B",
          "subscription": "$Subscription",
          "subscriptions": [
            "$Subscription"
          ]
        }
      ],
      "thresholds": [],
      "timeFrom": null,
      "timeRegions": [],
      "timeShift": null,
      "title": "Connections",
      "tooltip": {
        "shared": true,
        "sort": 0,
        "value_type": "individual"
      },
      "type": "graph",
      "xaxis": {
        "buckets": null,
        "mode": "time",
        "name": null,
        "show": true,
        "values": []
      },
      "yaxes": [
        {
          "format": "short",
          "label": "",
          "logBase": 1,
          "max": null,
          "min": null,
          "show": true
        },
        {
          "format": "short",
          "label": "",
          "logBase": 1,
          "max": null,
          "min": null,
          "show": true
        }
      ],
      "yaxis": {
        "align": false,
        "alignLevel": null
      }
    },
    {
      "aliasColors": {},
      "bars": false,
      "dashLength": 10,
      "dashes": false,
      "datasource": "$DataSource",
      "fill": 3,
      "fillGradient": 0,
      "gridPos": {
        "h": 7,
        "w": 24,
        "x": 0,
        "y": 55
      },
      "hiddenSeries": false,
      "id": 4,
      "legend": {
        "alignAsTable": true,
        "avg": true,
        "current": true,
        "hideEmpty": true,
        "hideZero": true,
        "max": true,
        "min": true,
        "rightSide": true,
        "show": true,
        "sideWidth": null,
        "total": false,
        "values": true
      },
      "lines": true,
      "linewidth": 2,
      "links": [],
      "nullPointMode": "null",
      "options": {
        "alertThreshold": true
      },
      "paceLength": 10,
      "percentage": false,
      "pluginVersion": "8.0.6",
      "pointradius": 2,
      "points": false,
      "renderer": "flot",
      "seriesOverrides": [],
      "spaceLength": 10,
      "stack": false,
      "steppedLine": false,
      "targets": [
        {
          "appInsights": {
            "dimension": [
              "none"
            ],
            "metricName": "select",
            "rawQuery": false,
            "rawQueryString": "",
            "spliton": "",
            "timeColumn": "timestamp",
            "timeGrain": "auto",
            "timeGrainType": "auto",
            "yaxis": ""
          },
          "azureLogAnalytics": {
            "query": "//change this example to create your own time series query\n<table name>                                                              //the table to query (e.g. Usage, Heartbeat, Perf)\n| where $__timeFilter(TimeGenerated)                                      //this is a macro used to show the full chart’s time range, choose the datetime column here\n| summarize count() by <group by column>, bin(TimeGenerated, $__interval) //change “group by column” to a column in your table, such as “Computer”. The $__interval macro is used to auto-select the time grain. Can also use 1h, 5m etc.\n| order by TimeGenerated asc",
            "resultFormat": "time_series",
            "workspace": ""
          },
          "azureMonitor": {
            "aggOptions": [
              "Average",
              "Maximum",
              "Minimum"
            ],
            "aggregation": "Maximum",
            "alias": "Workers %",
            "allowedTimeGrainsMs": [
              60000,
              300000,
              900000,
              1800000,
              3600000,
              21600000,
              43200000,
              86400000
            ],
            "dimension": null,
            "dimensionFilter": "*",
            "dimensionFilters": [],
            "dimensions": [],
            "metricDefinition": "Microsoft.Sql/servers/databases",
            "metricName": "workers_percent",
            "metricNamespace": "microsoft.sql/servers/databases",
            "resourceGroup": "$ResourceGroup",
            "resourceName": "$ResourceName",
            "timeGrain": "PT1M",
            "timeGrains": [
              {
                "text": "auto",
                "value": "auto"
              },
              {
                "text": "1 minute",
                "value": "PT1M"
              },
              {
                "text": "5 minutes",
                "value": "PT5M"
              },
              {
                "text": "15 minutes",
                "value": "PT15M"
              },
              {
                "text": "30 minutes",
                "value": "PT30M"
              },
              {
                "text": "1 hour",
                "value": "PT1H"
              },
              {
                "text": "6 hours",
                "value": "PT6H"
              },
              {
                "text": "12 hours",
                "value": "PT12H"
              },
              {
                "text": "1 day",
                "value": "P1D"
              }
            ],
            "top": "10"
          },
          "azureResourceGraph": {
            "resultFormat": "table"
          },
          "insightsAnalytics": {
            "query": "",
            "resultFormat": "time_series"
          },
          "queryType": "Azure Monitor",
          "refId": "A",
          "subscription": "$Subscription",
          "subscriptions": [
            "$Subscription"
          ]
        },
        {
          "appInsights": {
            "dimension": [
              "none"
            ],
            "metricName": "select",
            "rawQuery": false,
            "rawQueryString": "",
            "spliton": "",
            "timeColumn": "timestamp",
            "timeGrain": "auto",
            "timeGrainType": "auto",
            "yaxis": ""
          },
          "azureLogAnalytics": {
            "query": "//change this example to create your own time series query\n<table name>                                                              //the table to query (e.g. Usage, Heartbeat, Perf)\n| where $__timeFilter(TimeGenerated)                                      //this is a macro used to show the full chart’s time range, choose the datetime column here\n| summarize count() by <group by column>, bin(TimeGenerated, $__interval) //change “group by column” to a column in your table, such as “Computer”. The $__interval macro is used to auto-select the time grain. Can also use 1h, 5m etc.\n| order by TimeGenerated asc",
            "resultFormat": "time_series",
            "workspace": ""
          },
          "azureMonitor": {
            "aggOptions": [
              "Average",
              "Maximum",
              "Minimum"
            ],
            "aggregation": "Average",
            "alias": "Sessions %",
            "allowedTimeGrainsMs": [
              60000,
              300000,
              900000,
              1800000,
              3600000,
              21600000,
              43200000,
              86400000
            ],
            "dimension": null,
            "dimensionFilter": "*",
            "dimensionFilters": [],
            "dimensions": [],
            "metricDefinition": "Microsoft.Sql/servers/databases",
            "metricName": "sessions_percent",
            "metricNamespace": "microsoft.sql/servers/databases",
            "resourceGroup": "$ResourceGroup",
            "resourceName": "$ResourceName",
            "timeGrain": "auto",
            "timeGrains": [
              {
                "text": "auto",
                "value": "auto"
              },
              {
                "text": "1 minute",
                "value": "PT1M"
              },
              {
                "text": "5 minutes",
                "value": "PT5M"
              },
              {
                "text": "15 minutes",
                "value": "PT15M"
              },
              {
                "text": "30 minutes",
                "value": "PT30M"
              },
              {
                "text": "1 hour",
                "value": "PT1H"
              },
              {
                "text": "6 hours",
                "value": "PT6H"
              },
              {
                "text": "12 hours",
                "value": "PT12H"
              },
              {
                "text": "1 day",
                "value": "P1D"
              }
            ],
            "top": "10"
          },
          "azureResourceGraph": {
            "resultFormat": "table"
          },
          "insightsAnalytics": {
            "query": "",
            "resultFormat": "time_series"
          },
          "queryType": "Azure Monitor",
          "refId": "B",
          "subscription": "$Subscription",
          "subscriptions": [
            "$Subscription"
          ]
        }
      ],
      "thresholds": [],
      "timeFrom": null,
      "timeRegions": [],
      "timeShift": null,
      "title": "Sessions / Workers % (max)",
      "tooltip": {
        "shared": true,
        "sort": 0,
        "value_type": "individual"
      },
      "type": "graph",
      "xaxis": {
        "buckets": null,
        "mode": "time",
        "name": null,
        "show": true,
        "values": []
      },
      "yaxes": [
        {
          "format": "percent",
          "label": "(%)",
          "logBase": 1,
          "max": null,
          "min": null,
          "show": true
        },
        {
          "format": "percent",
          "label": null,
          "logBase": 1,
          "max": null,
          "min": null,
          "show": true
        }
      ],
      "yaxis": {
        "align": false,
        "alignLevel": null
      }
    }
  ],
  "refresh": "30s",
  "schemaVersion": 30,
  "style": "dark",
  "tags": [],
  "templating": {
    "list": [
      {
        "description": null,
        "error": null,
        "hide": 2,
        "includeAll": false,
        "label": "DataSource:",
        "multi": false,
        "name": "DataSource",
        "options": [],
        "query": "grafana-azure-monitor-datasource",
        "queryValue": "",
        "refresh": 1,
        "regex": "",
        "skipUrlSync": false,
        "type": "datasource"
      },
      {
        "allValue": null,
        "datasource": "${DataSource}",
        "definition": "ResourceGroups()",
        "description": null,
        "error": null,
        "hide": 0,
        "includeAll": false,
        "label": "Resource Group:",
        "multi": false,
        "name": "ResourceGroup",
        "options": [],
        "query": "ResourceGroups()",
        "refresh": 1,
        "regex": "/^(?!NetworkWatcherRG|DefaultResourceGroup-EJP)/",
        "skipUrlSync": false,
        "sort": 1,
        "tagValuesQuery": "",
        "tagsQuery": "",
        "type": "query",
        "useTags": false
      },
      {
        "allValue": null,
        "datasource": "${DataSource}",
        "definition": "ResourceNames($ResourceGroup,Microsoft.Sql/servers/databases)",
        "description": null,
        "error": null,
        "hide": 0,
        "includeAll": false,
        "label": "Resource Name:",
        "multi": false,
        "name": "ResourceName",
        "options": [],
        "query": "ResourceNames($ResourceGroup,Microsoft.Sql/servers/databases)",
        "refresh": 1,
        "regex": "/^(?!.*master)/",
        "skipUrlSync": false,
        "sort": 1,
        "tagValuesQuery": "",
        "tagsQuery": "",
        "type": "query",
        "useTags": false
      },
      {
        "allValue": null,
        "datasource": "${DataSource}",
        "definition": "Subscriptions()",
        "description": null,
        "error": null,
        "hide": 2,
        "includeAll": false,
        "label": "Subscription:",
        "multi": false,
        "name": "Subscription",
        "options": [],
        "query": "Subscriptions()",
        "refresh": 1,
        "regex": "",
        "skipUrlSync": false,
        "sort": 1,
        "tagValuesQuery": "",
        "tagsQuery": "",
        "type": "query",
        "useTags": false
      },
      {
        "allValue": null,
        "datasource": "${DataSource}",
        "definition": "Workspaces()",
        "description": null,
        "error": null,
        "hide": 2,
        "includeAll": false,
        "label": "Workspace:",
        "multi": false,
        "name": "Workspace",
        "options": [],
        "query": "Workspaces()",
        "refresh": 1,
        "regex": "",
        "skipUrlSync": false,
        "sort": 1,
        "tagValuesQuery": "",
        "tagsQuery": "",
        "type": "query",
        "useTags": false
      }
    ]
  },
  "time": {
    "from": "now-5m",
    "to": "now"
  },
  "timepicker": {
    "refresh_intervals": [
      "30s",
      "1m",
      "5m",
      "15m",
      "30m",
      "1h",
      "4h",
      "12h",
      "1d",
      "2d",
      "7d"
    ],
    "time_options": [
      "30s",
      "1m",
      "5m",
      "15m",
      "1h",
      "6h",
      "12h",
      "24h",
      "2d",
      "7d",
      "30d"
    ]
  },
  "timezone": "browser",
  "title": "Microsoft Azure SQL Database",
  "uid": "cn4d5-W7z",
  "version": 1
}