{
  "annotations": {
    "list": [
      {
        "builtIn": 1,
        "datasource": "-- Grafana --",
        "enable": true,
        "hide": true,
        "iconColor": "rgba(0, 211, 255, 1)",
        "name": "Annotations & Alerts",
        "target": {
          "limit": 100,
          "matchAny": false,
          "tags": [],
          "type": "dashboard"
        },
        "type": "dashboard"
      }
    ]
  },
  "description": "Use Azure Monitor to view relevante information of App service",
  "editable": true,
  "fiscalYearStartMonth": 0,
  "gnetId": 10175,
  "graphTooltip": 0,
  "iteration": 1658476390196,
  "links": [
    {
      "icon": "doc",
      "tags": [],
      "targetBlank": true,
      "title": "Metrics Definitions",
      "tooltip": "",
      "type": "link",
      "url": "https://docs.microsoft.com/en-in/azure/azure-monitor/essentials/metrics-supported#microsoftsqlserversdatabases"
    }
  ],
  "liveNow": false,
  "panels": [
    {
      "collapsed": false,
      "gridPos": {
        "h": 1,
        "w": 24,
        "x": 0,
        "y": 0
      },
      "id": 93,
      "panels": [],
      "title": "Memory & CPU",
      "type": "row"
    },
    {
      "aliasColors": {},
      "bars": false,
      "dashLength": 10,
      "dashes": false,
      "datasource": {
        "uid": "$DataSource"
      },
      "description": "",
      "fieldConfig": {
        "defaults": {
          "unit": "short"
        },
        "overrides": []
      },
      "fill": 1,
      "fillGradient": 0,
      "gridPos": {
        "h": 9,
        "w": 12,
        "x": 0,
        "y": 1
      },
      "hiddenSeries": false,
      "id": 69,
      "legend": {
        "alignAsTable": true,
        "avg": true,
        "current": true,
        "max": true,
        "min": true,
        "rightSide": true,
        "show": true,
        "total": false,
        "values": true
      },
      "lines": true,
      "linewidth": 1,
      "links": [],
      "maxDataPoints": 100,
      "nullPointMode": "null",
      "options": {
        "alertThreshold": true
      },
      "percentage": false,
      "pluginVersion": "8.3.10",
      "pointradius": 2,
      "points": false,
      "renderer": "flot",
      "seriesOverrides": [],
      "spaceLength": 10,
      "stack": false,
      "steppedLine": false,
      "targets": [
        {
          "appInsights": {
            "dimension": [
              "none"
            ],
            "metricName": "select",
            "rawQuery": false,
            "rawQueryString": "",
            "spliton": "",
            "timeColumn": "timestamp",
            "timeGrain": "auto",
            "timeGrainType": "auto",
            "yaxis": ""
          },
          "azureLogAnalytics": {
            "query": "//change this example to create your own time series query\n<table name>                                                              //the table to query (e.g. Usage, Heartbeat, Perf)\n| where $__timeFilter(TimeGenerated)                                      //this is a macro used to show the full chart’s time range, choose the datetime column here\n| summarize count() by <group by column>, bin(TimeGenerated, $__interval) //change “group by column” to a column in your table, such as “Computer”. The $__interval macro is used to auto-select the time grain. Can also use 1h, 5m etc.\n| order by TimeGenerated asc",
            "resultFormat": "time_series",
            "workspace": "$Workspace"
          },
          "azureMonitor": {
            "aggOptions": [
              "Average",
              "Maximum",
              "Minimum"
            ],
            "aggregation": "Maximum",
            "allowedTimeGrainsMs": [
              60000,
              300000,
              900000,
              1800000,
              3600000,
              21600000,
              43200000,
              86400000
            ],
            "dimension": "",
            "dimensionFilter": "*",
            "dimensionFilters": [],
            "dimensions": [],
            "metricDefinition": "Microsoft.Web/serverFarms",
            "metricName": "MemoryPercentage",
            "metricNamespace": "microsoft.web/serverfarms",
            "resourceGroup": "$ResourceGroup",
            "resourceName": "$ServicePlanResourceName",
            "timeGrain": "PT1M",
            "timeGrains": [
              {
                "text": "auto",
                "value": "auto"
              },
              {
                "text": "1 minute",
                "value": "PT1M"
              },
              {
                "text": "5 minutes",
                "value": "PT5M"
              },
              {
                "text": "15 minutes",
                "value": "PT15M"
              },
              {
                "text": "30 minutes",
                "value": "PT30M"
              },
              {
                "text": "1 hour",
                "value": "PT1H"
              },
              {
                "text": "6 hours",
                "value": "PT6H"
              },
              {
                "text": "12 hours",
                "value": "PT12H"
              },
              {
                "text": "1 day",
                "value": "P1D"
              }
            ],
            "top": "10"
          },
          "azureResourceGraph": {
            "resultFormat": "table"
          },
          "insightsAnalytics": {
            "query": "",
            "resultFormat": "time_series"
          },
          "queryType": "Azure Monitor",
          "refId": "A",
          "subscription": "$Subscription",
          "subscriptions": [
            "$Subscription"
          ]
        }
      ],
      "thresholds": [],
      "timeRegions": [],
      "title": "Memory Usage % (max)",
      "tooltip": {
        "shared": true,
        "sort": 0,
        "value_type": "individual"
      },
      "type": "graph",
      "xaxis": {
        "mode": "time",
        "show": true,
        "values": []
      },
      "yaxes": [
        {
          "$$hashKey": "object:2651",
          "format": "percent",
          "logBase": 1,
          "show": true
        },
        {
          "$$hashKey": "object:2652",
          "format": "short",
          "logBase": 1,
          "show": true
        }
      ],
      "yaxis": {
        "align": false
      }
    },
    {
      "aliasColors": {},
      "bars": false,
      "dashLength": 10,
      "dashes": false,
      "datasource": {
        "uid": "$DataSource"
      },
      "fieldConfig": {
        "defaults": {
          "unit": "short"
        },
        "overrides": []
      },
      "fill": 1,
      "fillGradient": 0,
      "gridPos": {
        "h": 9,
        "w": 12,
        "x": 12,
        "y": 1
      },
      "hiddenSeries": false,
      "id": 94,
      "legend": {
        "alignAsTable": true,
        "avg": true,
        "current": true,
        "max": true,
        "min": true,
        "rightSide": true,
        "show": true,
        "total": false,
        "values": true
      },
      "lines": true,
      "linewidth": 1,
      "links": [],
      "maxDataPoints": 100,
      "nullPointMode": "null",
      "options": {
        "alertThreshold": true
      },
      "percentage": false,
      "pluginVersion": "8.3.10",
      "pointradius": 2,
      "points": false,
      "renderer": "flot",
      "seriesOverrides": [],
      "spaceLength": 10,
      "stack": false,
      "steppedLine": false,
      "targets": [
        {
          "appInsights": {
            "dimension": [
              "none"
            ],
            "metricName": "select",
            "rawQuery": false,
            "rawQueryString": "",
            "spliton": "",
            "timeColumn": "timestamp",
            "timeGrain": "auto",
            "timeGrainType": "auto",
            "yaxis": ""
          },
          "azureLogAnalytics": {
            "query": "//change this example to create your own time series query\n<table name>                                                              //the table to query (e.g. Usage, Heartbeat, Perf)\n| where $__timeFilter(TimeGenerated)                                      //this is a macro used to show the full chart’s time range, choose the datetime column here\n| summarize count() by <group by column>, bin(TimeGenerated, $__interval) //change “group by column” to a column in your table, such as “Computer”. The $__interval macro is used to auto-select the time grain. Can also use 1h, 5m etc.\n| order by TimeGenerated asc",
            "resultFormat": "time_series",
            "workspace": "$Workspace"
          },
          "azureMonitor": {
            "aggOptions": [
              "Average",
              "Maximum",
              "Minimum"
            ],
            "aggregation": "Maximum",
            "allowedTimeGrainsMs": [
              60000,
              300000,
              900000,
              1800000,
              3600000,
              21600000,
              43200000,
              86400000
            ],
            "dimension": "",
            "dimensionFilter": "*",
            "dimensionFilters": [],
            "dimensions": [],
            "metricDefinition": "Microsoft.Web/serverFarms",
            "metricName": "CpuPercentage",
            "metricNamespace": "microsoft.web/serverfarms",
            "resourceGroup": "$ResourceGroup",
            "resourceName": "$ServicePlanResourceName",
            "timeGrain": "PT1M",
            "timeGrains": [
              {
                "text": "auto",
                "value": "auto"
              },
              {
                "text": "1 minute",
                "value": "PT1M"
              },
              {
                "text": "5 minutes",
                "value": "PT5M"
              },
              {
                "text": "15 minutes",
                "value": "PT15M"
              },
              {
                "text": "30 minutes",
                "value": "PT30M"
              },
              {
                "text": "1 hour",
                "value": "PT1H"
              },
              {
                "text": "6 hours",
                "value": "PT6H"
              },
              {
                "text": "12 hours",
                "value": "PT12H"
              },
              {
                "text": "1 day",
                "value": "P1D"
              }
            ],
            "top": "10"
          },
          "azureResourceGraph": {
            "resultFormat": "table"
          },
          "insightsAnalytics": {
            "query": "",
            "resultFormat": "time_series"
          },
          "queryType": "Azure Monitor",
          "refId": "A",
          "subscription": "$Subscription",
          "subscriptions": [
            "$Subscription"
          ]
        }
      ],
      "thresholds": [],
      "timeRegions": [],
      "title": "CPU usage % (max)",
      "tooltip": {
        "shared": true,
        "sort": 0,
        "value_type": "individual"
      },
      "type": "graph",
      "xaxis": {
        "mode": "time",
        "show": true,
        "values": []
      },
      "yaxes": [
        {
          "$$hashKey": "object:2651",
          "format": "percent",
          "logBase": 1,
          "show": true
        },
        {
          "$$hashKey": "object:2652",
          "format": "short",
          "logBase": 1,
          "show": true
        }
      ],
      "yaxis": {
        "align": false
      }
    },
    {
      "aliasColors": {},
      "bars": false,
      "dashLength": 10,
      "dashes": false,
      "datasource": {
        "type": "grafana-azure-monitor-datasource",
        "uid": "$DataSource"
      },
      "description": "",
      "fieldConfig": {
        "defaults": {
          "unit": "short"
        },
        "overrides": []
      },
      "fill": 1,
      "fillGradient": 0,
      "gridPos": {
        "h": 9,
        "w": 12,
        "x": 0,
        "y": 10
      },
      "hiddenSeries": false,
      "id": 96,
      "legend": {
        "alignAsTable": true,
        "avg": true,
        "current": true,
        "max": true,
        "min": true,
        "rightSide": true,
        "show": true,
        "total": false,
        "values": true
      },
      "lines": true,
      "linewidth": 1,
      "links": [],
      "maxDataPoints": 100,
      "nullPointMode": "null",
      "options": {
        "alertThreshold": true
      },
      "percentage": false,
      "pluginVersion": "8.3.10",
      "pointradius": 2,
      "points": false,
      "renderer": "flot",
      "seriesOverrides": [],
      "spaceLength": 10,
      "stack": false,
      "steppedLine": false,
      "targets": [
        {
          "appInsights": {
            "dimension": [
              "none"
            ],
            "metricName": "select",
            "rawQuery": false,
            "rawQueryString": "",
            "spliton": "",
            "timeColumn": "timestamp",
            "timeGrain": "auto",
            "timeGrainType": "auto",
            "yaxis": ""
          },
          "azureLogAnalytics": {
            "query": "//change this example to create your own time series query\n<table name>                                                              //the table to query (e.g. Usage, Heartbeat, Perf)\n| where $__timeFilter(TimeGenerated)                                      //this is a macro used to show the full chart’s time range, choose the datetime column here\n| summarize count() by <group by column>, bin(TimeGenerated, $__interval) //change “group by column” to a column in your table, such as “Computer”. The $__interval macro is used to auto-select the time grain. Can also use 1h, 5m etc.\n| order by TimeGenerated asc",
            "resultFormat": "time_series",
            "workspace": "$Workspace"
          },
          "azureMonitor": {
            "aggOptions": [
              "Average",
              "Maximum",
              "Minimum"
            ],
            "aggregation": "Total",
            "allowedTimeGrainsMs": [
              60000,
              300000,
              900000,
              1800000,
              3600000,
              21600000,
              43200000,
              86400000
            ],
            "dimension": "",
            "dimensionFilter": "*",
            "dimensionFilters": [],
            "dimensions": [],
            "metricDefinition": "Microsoft.Web/serverFarms",
            "metricName": "BytesReceived",
            "metricNamespace": "microsoft.web/serverfarms",
            "resourceGroup": "$ResourceGroup",
            "resourceName": "$ServicePlanResourceName",
            "timeGrain": "PT1M",
            "timeGrains": [
              {
                "text": "auto",
                "value": "auto"
              },
              {
                "text": "1 minute",
                "value": "PT1M"
              },
              {
                "text": "5 minutes",
                "value": "PT5M"
              },
              {
                "text": "15 minutes",
                "value": "PT15M"
              },
              {
                "text": "30 minutes",
                "value": "PT30M"
              },
              {
                "text": "1 hour",
                "value": "PT1H"
              },
              {
                "text": "6 hours",
                "value": "PT6H"
              },
              {
                "text": "12 hours",
                "value": "PT12H"
              },
              {
                "text": "1 day",
                "value": "P1D"
              }
            ],
            "top": "10"
          },
          "azureResourceGraph": {
            "resultFormat": "table"
          },
          "datasource": {
            "type": "grafana-azure-monitor-datasource",
            "uid": "P1EB995EACC6832D3"
          },
          "insightsAnalytics": {
            "query": "",
            "resultFormat": "time_series"
          },
          "queryType": "Azure Monitor",
          "refId": "A",
          "subscription": "$Subscription",
          "subscriptions": [
            "$Subscription"
          ]
        }
      ],
      "thresholds": [],
      "timeRegions": [],
      "title": "Received bytes (total)",
      "tooltip": {
        "shared": true,
        "sort": 0,
        "value_type": "individual"
      },
      "type": "graph",
      "xaxis": {
        "mode": "time",
        "show": true,
        "values": []
      },
      "yaxes": [
        {
          "$$hashKey": "object:2651",
          "format": "percent",
          "logBase": 1,
          "show": true
        },
        {
          "$$hashKey": "object:2652",
          "format": "short",
          "logBase": 1,
          "show": true
        }
      ],
      "yaxis": {
        "align": false
      }
    },
    {
      "aliasColors": {},
      "bars": false,
      "dashLength": 10,
      "dashes": false,
      "datasource": {
        "type": "grafana-azure-monitor-datasource",
        "uid": "$DataSource"
      },
      "description": "",
      "fieldConfig": {
        "defaults": {
          "unit": "short"
        },
        "overrides": []
      },
      "fill": 1,
      "fillGradient": 0,
      "gridPos": {
        "h": 9,
        "w": 12,
        "x": 12,
        "y": 10
      },
      "hiddenSeries": false,
      "id": 97,
      "legend": {
        "alignAsTable": true,
        "avg": true,
        "current": true,
        "max": true,
        "min": true,
        "rightSide": true,
        "show": true,
        "total": false,
        "values": true
      },
      "lines": true,
      "linewidth": 1,
      "links": [],
      "maxDataPoints": 100,
      "nullPointMode": "null",
      "options": {
        "alertThreshold": true
      },
      "percentage": false,
      "pluginVersion": "8.3.10",
      "pointradius": 2,
      "points": false,
      "renderer": "flot",
      "seriesOverrides": [],
      "spaceLength": 10,
      "stack": false,
      "steppedLine": false,
      "targets": [
        {
          "appInsights": {
            "dimension": [
              "none"
            ],
            "metricName": "select",
            "rawQuery": false,
            "rawQueryString": "",
            "spliton": "",
            "timeColumn": "timestamp",
            "timeGrain": "auto",
            "timeGrainType": "auto",
            "yaxis": ""
          },
          "azureLogAnalytics": {
            "query": "//change this example to create your own time series query\n<table name>                                                              //the table to query (e.g. Usage, Heartbeat, Perf)\n| where $__timeFilter(TimeGenerated)                                      //this is a macro used to show the full chart’s time range, choose the datetime column here\n| summarize count() by <group by column>, bin(TimeGenerated, $__interval) //change “group by column” to a column in your table, such as “Computer”. The $__interval macro is used to auto-select the time grain. Can also use 1h, 5m etc.\n| order by TimeGenerated asc",
            "resultFormat": "time_series",
            "workspace": "$Workspace"
          },
          "azureMonitor": {
            "aggOptions": [
              "Average",
              "Maximum",
              "Minimum"
            ],
            "aggregation": "Total",
            "allowedTimeGrainsMs": [
              60000,
              300000,
              900000,
              1800000,
              3600000,
              21600000,
              43200000,
              86400000
            ],
            "dimension": "",
            "dimensionFilter": "*",
            "dimensionFilters": [],
            "dimensions": [],
            "metricDefinition": "Microsoft.Web/serverFarms",
            "metricName": "BytesSent",
            "metricNamespace": "microsoft.web/serverfarms",
            "resourceGroup": "$ResourceGroup",
            "resourceName": "$ServicePlanResourceName",
            "timeGrain": "PT1M",
            "timeGrains": [
              {
                "text": "auto",
                "value": "auto"
              },
              {
                "text": "1 minute",
                "value": "PT1M"
              },
              {
                "text": "5 minutes",
                "value": "PT5M"
              },
              {
                "text": "15 minutes",
                "value": "PT15M"
              },
              {
                "text": "30 minutes",
                "value": "PT30M"
              },
              {
                "text": "1 hour",
                "value": "PT1H"
              },
              {
                "text": "6 hours",
                "value": "PT6H"
              },
              {
                "text": "12 hours",
                "value": "PT12H"
              },
              {
                "text": "1 day",
                "value": "P1D"
              }
            ],
            "top": "10"
          },
          "azureResourceGraph": {
            "resultFormat": "table"
          },
          "datasource": {
            "type": "grafana-azure-monitor-datasource",
            "uid": "P1EB995EACC6832D3"
          },
          "insightsAnalytics": {
            "query": "",
            "resultFormat": "time_series"
          },
          "queryType": "Azure Monitor",
          "refId": "A",
          "subscription": "$Subscription",
          "subscriptions": [
            "$Subscription"
          ]
        }
      ],
      "thresholds": [],
      "timeRegions": [],
      "title": "Sent bytes (total)",
      "tooltip": {
        "shared": true,
        "sort": 0,
        "value_type": "individual"
      },
      "type": "graph",
      "xaxis": {
        "mode": "time",
        "show": true,
        "values": []
      },
      "yaxes": [
        {
          "$$hashKey": "object:2651",
          "format": "decbytes",
          "logBase": 1,
          "show": true
        },
        {
          "$$hashKey": "object:2652",
          "format": "short",
          "logBase": 1,
          "show": true
        }
      ],
      "yaxis": {
        "align": false
      }
    },
    {
      "aliasColors": {},
      "bars": false,
      "dashLength": 10,
      "dashes": false,
      "datasource": {
        "type": "grafana-azure-monitor-datasource",
        "uid": "$DataSource"
      },
      "description": "",
      "fieldConfig": {
        "defaults": {
          "unit": "short"
        },
        "overrides": []
      },
      "fill": 1,
      "fillGradient": 0,
      "gridPos": {
        "h": 9,
        "w": 12,
        "x": 0,
        "y": 19
      },
      "hiddenSeries": false,
      "id": 98,
      "legend": {
        "alignAsTable": true,
        "avg": true,
        "current": true,
        "max": true,
        "min": true,
        "rightSide": true,
        "show": true,
        "total": false,
        "values": true
      },
      "lines": true,
      "linewidth": 1,
      "links": [],
      "maxDataPoints": 100,
      "nullPointMode": "null",
      "options": {
        "alertThreshold": true
      },
      "percentage": false,
      "pluginVersion": "8.3.10",
      "pointradius": 2,
      "points": false,
      "renderer": "flot",
      "seriesOverrides": [],
      "spaceLength": 10,
      "stack": false,
      "steppedLine": false,
      "targets": [
        {
          "appInsights": {
            "dimension": [
              "none"
            ],
            "metricName": "select",
            "rawQuery": false,
            "rawQueryString": "",
            "spliton": "",
            "timeColumn": "timestamp",
            "timeGrain": "auto",
            "timeGrainType": "auto",
            "yaxis": ""
          },
          "azureLogAnalytics": {
            "query": "//change this example to create your own time series query\n<table name>                                                              //the table to query (e.g. Usage, Heartbeat, Perf)\n| where $__timeFilter(TimeGenerated)                                      //this is a macro used to show the full chart’s time range, choose the datetime column here\n| summarize count() by <group by column>, bin(TimeGenerated, $__interval) //change “group by column” to a column in your table, such as “Computer”. The $__interval macro is used to auto-select the time grain. Can also use 1h, 5m etc.\n| order by TimeGenerated asc",
            "resultFormat": "time_series",
            "workspace": "$Workspace"
          },
          "azureMonitor": {
            "aggOptions": [
              "Average",
              "Maximum",
              "Minimum"
            ],
            "aggregation": "Average",
            "allowedTimeGrainsMs": [
              60000,
              300000,
              900000,
              1800000,
              3600000,
              21600000,
              43200000,
              86400000
            ],
            "dimension": "",
            "dimensionFilter": "*",
            "dimensionFilters": [],
            "dimensions": [],
            "metricDefinition": "Microsoft.Web/serverFarms",
            "metricName": "DiskQueueLength",
            "metricNamespace": "microsoft.web/serverfarms",
            "resourceGroup": "$ResourceGroup",
            "resourceName": "$ServicePlanResourceName",
            "timeGrain": "PT1M",
            "timeGrains": [
              {
                "text": "auto",
                "value": "auto"
              },
              {
                "text": "1 minute",
                "value": "PT1M"
              },
              {
                "text": "5 minutes",
                "value": "PT5M"
              },
              {
                "text": "15 minutes",
                "value": "PT15M"
              },
              {
                "text": "30 minutes",
                "value": "PT30M"
              },
              {
                "text": "1 hour",
                "value": "PT1H"
              },
              {
                "text": "6 hours",
                "value": "PT6H"
              },
              {
                "text": "12 hours",
                "value": "PT12H"
              },
              {
                "text": "1 day",
                "value": "P1D"
              }
            ],
            "top": "10"
          },
          "azureResourceGraph": {
            "resultFormat": "table"
          },
          "datasource": {
            "type": "grafana-azure-monitor-datasource",
            "uid": "P1EB995EACC6832D3"
          },
          "insightsAnalytics": {
            "query": "",
            "resultFormat": "time_series"
          },
          "queryType": "Azure Monitor",
          "refId": "A",
          "subscription": "$Subscription",
          "subscriptions": [
            "$Subscription"
          ]
        }
      ],
      "thresholds": [],
      "timeRegions": [],
      "title": "Disk queue length",
      "tooltip": {
        "shared": true,
        "sort": 0,
        "value_type": "individual"
      },
      "type": "graph",
      "xaxis": {
        "mode": "time",
        "show": true,
        "values": []
      },
      "yaxes": [
        {
          "$$hashKey": "object:2651",
          "format": "decbytes",
          "logBase": 1,
          "show": true
        },
        {
          "$$hashKey": "object:2652",
          "format": "short",
          "logBase": 1,
          "show": true
        }
      ],
      "yaxis": {
        "align": false
      }
    },
    {
      "aliasColors": {},
      "bars": false,
      "dashLength": 10,
      "dashes": false,
      "datasource": {
        "type": "grafana-azure-monitor-datasource",
        "uid": "$DataSource"
      },
      "description": "",
      "fieldConfig": {
        "defaults": {
          "unit": "short"
        },
        "overrides": []
      },
      "fill": 1,
      "fillGradient": 0,
      "gridPos": {
        "h": 9,
        "w": 12,
        "x": 12,
        "y": 19
      },
      "hiddenSeries": false,
      "id": 100,
      "legend": {
        "alignAsTable": true,
        "avg": true,
        "current": true,
        "max": true,
        "min": true,
        "rightSide": true,
        "show": true,
        "total": false,
        "values": true
      },
      "lines": true,
      "linewidth": 1,
      "links": [],
      "maxDataPoints": 100,
      "nullPointMode": "null",
      "options": {
        "alertThreshold": true
      },
      "percentage": false,
      "pluginVersion": "8.3.10",
      "pointradius": 2,
      "points": false,
      "renderer": "flot",
      "seriesOverrides": [],
      "spaceLength": 10,
      "stack": false,
      "steppedLine": false,
      "targets": [
        {
          "appInsights": {
            "dimension": [
              "none"
            ],
            "metricName": "select",
            "rawQuery": false,
            "rawQueryString": "",
            "spliton": "",
            "timeColumn": "timestamp",
            "timeGrain": "auto",
            "timeGrainType": "auto",
            "yaxis": ""
          },
          "azureLogAnalytics": {
            "query": "//change this example to create your own time series query\n<table name>                                                              //the table to query (e.g. Usage, Heartbeat, Perf)\n| where $__timeFilter(TimeGenerated)                                      //this is a macro used to show the full chart’s time range, choose the datetime column here\n| summarize count() by <group by column>, bin(TimeGenerated, $__interval) //change “group by column” to a column in your table, such as “Computer”. The $__interval macro is used to auto-select the time grain. Can also use 1h, 5m etc.\n| order by TimeGenerated asc",
            "resultFormat": "time_series",
            "workspace": "$Workspace"
          },
          "azureMonitor": {
            "aggOptions": [
              "Average",
              "Maximum",
              "Minimum"
            ],
            "aggregation": "Average",
            "allowedTimeGrainsMs": [
              60000,
              300000,
              900000,
              1800000,
              3600000,
              21600000,
              43200000,
              86400000
            ],
            "dimension": "",
            "dimensionFilter": "*",
            "dimensionFilters": [],
            "dimensions": [],
            "metricDefinition": "Microsoft.Web/serverFarms",
            "metricName": "HttpQueueLength",
            "metricNamespace": "microsoft.web/serverfarms",
            "resourceGroup": "$ResourceGroup",
            "resourceName": "$ServicePlanResourceName",
            "timeGrain": "PT1M",
            "timeGrains": [
              {
                "text": "auto",
                "value": "auto"
              },
              {
                "text": "1 minute",
                "value": "PT1M"
              },
              {
                "text": "5 minutes",
                "value": "PT5M"
              },
              {
                "text": "15 minutes",
                "value": "PT15M"
              },
              {
                "text": "30 minutes",
                "value": "PT30M"
              },
              {
                "text": "1 hour",
                "value": "PT1H"
              },
              {
                "text": "6 hours",
                "value": "PT6H"
              },
              {
                "text": "12 hours",
                "value": "PT12H"
              },
              {
                "text": "1 day",
                "value": "P1D"
              }
            ],
            "top": "10"
          },
          "azureResourceGraph": {
            "resultFormat": "table"
          },
          "datasource": {
            "type": "grafana-azure-monitor-datasource",
            "uid": "P1EB995EACC6832D3"
          },
          "insightsAnalytics": {
            "query": "",
            "resultFormat": "time_series"
          },
          "queryType": "Azure Monitor",
          "refId": "A",
          "subscription": "$Subscription",
          "subscriptions": [
            "$Subscription"
          ]
        }
      ],
      "thresholds": [],
      "timeRegions": [],
      "title": "Http queue length",
      "tooltip": {
        "shared": true,
        "sort": 0,
        "value_type": "individual"
      },
      "type": "graph",
      "xaxis": {
        "mode": "time",
        "show": true,
        "values": []
      },
      "yaxes": [
        {
          "$$hashKey": "object:2651",
          "format": "short",
          "logBase": 1,
          "show": true
        },
        {
          "$$hashKey": "object:2652",
          "format": "short",
          "logBase": 1,
          "show": true
        }
      ],
      "yaxis": {
        "align": false
      }
    }
  ],
  "refresh": "30s",
  "schemaVersion": 34,
  "style": "dark",
  "tags": [],
  "templating": {
    "list": [
      {
        "hide": 2,
        "includeAll": false,
        "label": "DataSource:",
        "multi": false,
        "name": "DataSource",
        "options": [],
        "query": "grafana-azure-monitor-datasource",
        "queryValue": "",
        "refresh": 1,
        "regex": "",
        "skipUrlSync": false,
        "type": "datasource"
      },
      {
		  "datasource": {
          "uid": "${DataSource}"
        },
        "definition": "ResourceGroups()",
        "hide": 0,
        "includeAll": false,
        "label": "Resource Group:",
        "multi": false,
        "name": "ResourceGroup",
        "options": [],
        "query": "ResourceGroups()",
        "refresh": 1,
        "regex": "/^(?!NetworkWatcherRG|DefaultResourceGroup-EJP)/",
        "skipUrlSync": false,
        "sort": 1,
        "tagValuesQuery": "",
        "tagsQuery": "",
        "type": "query",
        "useTags": false
      },
      {
        "datasource": {
          "uid": "${DataSource}"
        },
        "definition": "Subscriptions()",
        "hide": 2,
        "includeAll": false,
        "label": "Subscription:",
        "multi": false,
        "name": "Subscription",
        "options": [],
        "query": "Subscriptions()",
        "refresh": 1,
        "regex": "",
        "skipUrlSync": false,
        "sort": 1,
        "tagValuesQuery": "",
        "tagsQuery": "",
        "type": "query",
        "useTags": false
      },
      {
        "datasource": {
          "uid": "${DataSource}"
        },
        "definition": "Workspaces()",
        "hide": 2,
        "includeAll": false,
        "label": "Workspace:",
        "multi": false,
        "name": "Workspace",
        "options": [],
        "query": "Workspaces()",
        "refresh": 1,
        "regex": "",
        "skipUrlSync": false,
        "sort": 1,
        "tagValuesQuery": "",
        "tagsQuery": "",
        "type": "query",
        "useTags": false
      },
      {
        "datasource": {
          "uid": "${DataSource}"
        },
        "definition": "ResourceNames($ResourceGroup,Microsoft.Web/serverFarms)",
        "hide": 0,
        "includeAll": false,
        "label": "Resource Name:",
        "multi": false,
        "name": "ServicePlanResourceName",
        "options": [],
        "query": "ResourceNames($ResourceGroup,Microsoft.Web/serverFarms)",
        "refresh": 1,
        "regex": "",
        "skipUrlSync": false,
        "sort": 1,
        "tagValuesQuery": "",
        "tagsQuery": "",
        "type": "query",
        "useTags": false
      }
    ]
  },
  "time": {
    "from": "now-5m",
    "to": "now"
  },
  "timepicker": {
    "refresh_intervals": [
      "30s",
      "1m",
      "5m",
      "15m",
      "30m",
      "1h",
      "4h",
      "12h",
      "1d",
      "2d",
      "7d"
    ],
    "time_options": [
      "30s",
      "1m",
      "5m",
      "15m",
      "1h",
      "6h",
      "12h",
      "24h",
      "2d",
      "7d",
      "30d"
    ]
  },
  "timezone": "browser",
  "title": "Microsoft Azure App Service Plan",
  "uid": "EPQsUH4nw",
  "version": 2,
  "weekStart": ""
}